name,namespace,root,standard,gated_reason,has_compiled_dts,methods_defined,parameterized_methods,definition_status,definition_kind,live_status,live_runs,live_drivers,live_contexts,methods_passed,methods_failed,methods_skipped,elements_passed,elements_failed,elements_skipped,behavioral_status,behavioral_checks
access/summaries/accessFromTabSet,access,False,,,False,0,0,passed,codegen,not_seen,0,,,0,0,0,0,0,0,not_seen,0
access/summaries/accessSummaryPage,access,True,True,,False,0,0,passed,codegen,not_seen,0,,,0,0,0,0,0,0,not_seen,0
access/summaries/accessSummaryTabSet,access,False,,,False,0,0,passed,codegen,not_seen,0,,,0,0,0,0,0,0,not_seen,0
access/summaries/flsObjectSelector,access,False,,,False,0,0,passed,codegen,not_seen,0,,,0,0,0,0,0,0,not_seen,0
access/summaries/objectAccessSummaryPage,access,True,True,,False,0,0,passed,codegen,not_seen,0,,,0,0,0,0,0,0,not_seen,0
access/summaries/slotOptions,access,True,True,,False,0,0,passed,codegen,not_seen,0,,,0,0,0,0,0,0,not_seen,0
access/summaries/userFieldHistoryTrackingTable,access,False,,,False,0,0,passed,codegen,not_seen,0,,,0,0,0,0,0,0,not_seen,0
action/actionRenderer,action,False,,,False,0,0,passed,codegen,not_seen,0,,,0,0,0,0,0,0,not_seen,0
action/actionsRibbon,action,False,,,False,0,0,passed,codegen,not_seen,0,,,0,0,0,0,0,0,not_seen,0
action/executorLwcHeadless,action,False,,,False,0,0,passed,codegen,not_seen,0,,,0,0,0,0,0,0,not_seen,0
action/lwcQuickActionLayout,action,False,,,False,0,0,passed,codegen,not_seen,0,,,0,0,0,0,0,0,not_seen,0
action/quickActionWrapper,action,False,,,False,0,0,passed,codegen,not_seen,0,,,0,0,0,0,0,0,not_seen,0
activities/activityPanelComposer,activities,False,,,False,0,0,passed,codegen,not_seen,0,,,0,0,0,0,0,0,not_seen,0
activities/activityTimelineFixedLayout,activities,True,True,,True,4,1,passed,codegen,not_seen,0,,,0,0,0,0,0,0,not_seen,0
activities/activityTimelineFixedStencil,activities,False,,,False,0,0,passed,codegen,not_seen,0,,,0,0,0,0,0,0,not_seen,0
adt/settings/linkToNewPage,adt,False,,,False,0,0,passed,codegen,not_seen,0,,,0,0,0,0,0,0,not_seen,0
adt/settings/opptyStageDescriptionForm,adt,False,,,False,0,0,passed,codegen,not_seen,0,,,0,0,0,0,0,0,not_seen,0
adt/settings/progressRing,adt,False,,,False,0,0,passed,codegen,not_seen,0,,,0,0,0,0,0,0,not_seen,0
adt/settings/setupAssistant,adt,False,,,False,0,0,passed,codegen,not_seen,0,,,0,0,0,0,0,0,not_seen,0
adt/settings/setupFeature,adt,False,,,False,0,0,passed,codegen,not_seen,0,,,0,0,0,0,0,0,not_seen,0
app_dev_agent/agentExplorer,app_dev_agent,True,True,,True,5,0,passed,codegen,not_seen,0,,,0,0,0,0,0,0,not_seen,0
app_dev_agent/agenticShell,app_dev_agent,False,,,False,0,0,passed,codegen,not_seen,0,,,0,0,0,0,0,0,not_seen,0
app_dev_agent/backlogWorkItem,app_dev_agent,True,True,,True,11,2,passed,codegen,not_seen,0,,,0,0,0,0,0,0,not_seen,0
app_dev_agent/baseChatInput,app_dev_agent,True,True,,True,36,1,passed,codegen,not_seen,0,,,0,0,0,0,0,0,not_seen,0
app_dev_agent/chatPanelEmptyState,app_dev_agent,False,,,False,0,0,passed,codegen,not_seen,0,,,0,0,0,0,0,0,not_seen,0
app_dev_agent/combobox,app_dev_agent,False,,,False,0,0,passed,codegen,not_seen,0,,,0,0,0,0,0,0,not_seen,0
app_dev_agent/commonError,app_dev_agent,False,,,False,0,0,passed,codegen,not_seen,0,,,0,0,0,0,0,0,not_seen,0
app_dev_agent/contentStream,app_dev_agent,False,,,False,0,0,passed,codegen,not_seen,0,,,0,0,0,0,0,0,not_seen,0
app_dev_agent/customButtonIcon,app_dev_agent,False,,,False,0,0,passed,codegen,not_seen,0,,,0,0,0,0,0,0,not_seen,0
app_dev_agent/customSectionsSection,app_dev_agent,False,,,False,0,0,passed,codegen,not_seen,0,,,0,0,0,0,0,0,not_seen,0
app_dev_agent/emptyState,app_dev_agent,False,,,False,0,0,passed,codegen,not_seen,0,,,0,0,0,0,0,0,not_seen,0
app_dev_agent/errorNotification,app_dev_agent,False,,,False,0,0,passed,codegen,not_seen,0,,,0,0,0,0,0,0,not_seen,0
app_dev_agent/executiveSummarySection,app_dev_agent,False,,,False,0,0,passed,codegen,not_seen,0,,,0,0,0,0,0,0,not_seen,0
app_dev_agent/homePanelChatView,app_dev_agent,False,,,False,0,0,passed,codegen,not_seen,0,,,0,0,0,0,0,0,not_seen,0
app_dev_agent/longRunningTask,app_dev_agent,False,,,False,0,0,passed,codegen,not_seen,0,,,0,0,0,0,0,0,not_seen,0
app_dev_agent/metadataNavigation,app_dev_agent,False,,,False,0,0,passed,codegen,not_seen,0,,,0,0,0,0,0,0,not_seen,0
app_dev_agent/panelMessageBlock,app_dev_agent,True,True,,True,5,0,passed,codegen,not_seen,0,,,0,0,0,0,0,0,not_seen,0
app_dev_agent/panelMessageInput,app_dev_agent,False,,,False,0,0,passed,codegen,not_seen,0,,,0,0,0,0,0,0,not_seen,0
app_dev_agent/planBacklog,app_dev_agent,False,,,False,0,0,passed,codegen,not_seen,0,,,0,0,0,0,0,0,not_seen,0
app_dev_agent/planPreviewLayout,app_dev_agent,False,,,False,0,0,passed,codegen,not_seen,0,,,0,0,0,0,0,0,not_seen,0
app_dev_agent/prdLayout,app_dev_agent,False,,,False,0,0,passed,codegen,not_seen,0,,,0,0,0,0,0,0,not_seen,0
app_dev_agent/requirementsDocument,app_dev_agent,False,,,False,0,0,passed,codegen,not_seen,0,,,0,0,0,0,0,0,not_seen,0
app_dev_agent/scopedNotification,app_dev_agent,False,,,False,0,0,passed,codegen,not_seen,0,,,0,0,0,0,0,0,not_seen,0
app_dev_agent/sfStudioHome,app_dev_agent,False,,,False,0,0,passed,codegen,not_seen,0,,,0,0,0,0,0,0,not_seen,0
app_dev_agent/sfStudioProjectPanel,app_dev_agent,False,,,False,0,0,passed,codegen,not_seen,0,,,0,0,0,0,0,0,not_seen,0
app_dev_agent/skeleton,app_dev_agent,False,,,False,0,0,passed,codegen,not_seen,0,,,0,0,0,0,0,0,not_seen,0
app_dev_agent/statusPanel,app_dev_agent,False,,,False,0,0,passed,codegen,not_seen,0,,,0,0,0,0,0,0,not_seen,0
app_dev_agent/streamStatus,app_dev_agent,False,,,False,0,0,passed,codegen,not_seen,0,,,0,0,0,0,0,0,not_seen,0
app_dev_agent/studioChatInput,app_dev_agent,False,,,False,0,0,passed,codegen,not_seen,0,,,0,0,0,0,0,0,not_seen,0
app_dev_agent/studioRecommendedUtterances,app_dev_agent,False,,,False,0,0,passed,codegen,not_seen,0,,,0,0,0,0,0,0,not_seen,0
app_dev_agent/useCasesSection,app_dev_agent,False,,,False,0,0,passed,codegen,not_seen,0,,,0,0,0,0,0,0,not_seen,0
app_dev_agent/utteranceAction,app_dev_agent,False,,,False,0,0,passed,codegen,not_seen,0,,,0,0,0,0,0,0,not_seen,0
app_dev_agent/viewContainer,app_dev_agent,False,,,False,0,0,passed,codegen,not_seen,0,,,0,0,0,0,0,0,not_seen,0
applications/explorerView,applications,True,True,,True,27,0,passed,codegen,not_seen,0,,,0,0,0,0,0,0,not_seen,0
applications/metadataPickerModal,applications,True,True,,True,13,0,passed,codegen,not_seen,0,,,0,0,0,0,0,0,not_seen,0
applications/orgDetails,applications,True,True,,True,16,0,passed,codegen,not_seen,0,,,0,0,0,0,0,0,not_seen,0
applications/salesforceStudioApp,applications,True,True,,True,28,0,passed,codegen,not_seen,0,,,0,0,0,0,0,0,not_seen,0
applications/salesforceStudioHome,applications,True,True,,True,33,0,passed,codegen,not_seen,0,,,0,0,0,0,0,0,not_seen,0
applications/salesforceStudioNavigation,applications,True,True,,True,14,6,passed,codegen,not_seen,0,,,0,0,0,0,0,0,not_seen,0
applications/salesforceStudioPageHeader,applications,True,True,,True,8,0,passed,codegen,not_seen,0,,,0,0,0,0,0,0,not_seen,0
applications/salesforceStudioPageLayout,applications,True,True,,True,6,1,passed,codegen,not_seen,0,,,0,0,0,0,0,0,not_seen,0
applications/salesforceStudioWelcomeMat,applications,True,True,,True,17,0,passed,codegen,not_seen,0,,,0,0,0,0,0,0,not_seen,0
applications/studioHomeCard,applications,True,True,,True,8,6,passed,codegen,not_seen,0,,,0,0,0,0,0,0,not_seen,0
aura/autocompleteOption,aura,True,True,,True,3,3,passed,codegen,not_seen,0,,,0,0,0,0,0,0,not_seen,0
aura/autocompletePanel,aura,True,True,,True,0,0,passed,codegen,not_seen,0,,,0,0,0,0,0,0,not_seen,0
aura/body,aura,True,True,,True,34,5,passed,codegen,not_seen,0,,,0,0,0,0,0,0,not_seen,0
aura/btHomePage,aura,True,True,,True,1,1,passed,codegen,passed,8,"cdp,webdriver","account_detail,console,home,setup",0,0,0,0,0,8,not_seen,0
aura/btInstanceHomePage,aura,True,True,,True,7,0,passed,codegen,not_seen,0,,,0,0,0,0,0,0,not_seen,0
aura/btInstanceSetupPage,aura,True,True,,True,3,0,passed,codegen,not_seen,0,,,0,0,0,0,0,0,not_seen,0
aura/btInstanceSignUpPage,aura,True,True,,True,12,0,passed,codegen,not_seen,0,,,0,0,0,0,0,0,not_seen,0
aura/btLicenseEditorPage,aura,True,True,,True,3,0,passed,codegen,not_seen,0,,,0,0,0,0,0,0,not_seen,0
aura/btLoginPage,aura,True,True,,True,1,0,passed,codegen,not_seen,0,,,0,0,0,0,0,0,not_seen,0
aura/btOrganizationHomePage,aura,True,True,,True,1,0,passed,codegen,not_seen,0,,,0,0,0,0,0,0,not_seen,0
aura/button,aura,False,,,False,0,0,passed,codegen,not_seen,0,,,0,0,0,0,0,0,not_seen,0
aura/buttonMenu,aura,False,,,False,0,0,passed,codegen,not_seen,0,,,0,0,0,0,0,0,not_seen,0
aura/containerManager,aura,True,True,,True,2,1,passed,codegen,not_seen,0,,,0,0,0,0,0,0,not_seen,0
aura/doubleEditorInput,aura,False,,,False,0,0,passed,codegen,not_seen,0,,,0,0,0,0,0,0,not_seen,0
aura/inputCheckbox,aura,False,,,False,0,0,passed,codegen,not_seen,0,,,0,0,0,0,0,0,not_seen,0
aura/inputCurrency,aura,False,,,False,0,0,passed,codegen,not_seen,0,,,0,0,0,0,0,0,not_seen,0
aura/inputDefaultError,aura,False,,,False,0,0,passed,codegen,not_seen,0,,,0,0,0,0,0,0,not_seen,0
aura/inputEmail,aura,False,,,False,0,0,passed,codegen,not_seen,0,,,0,0,0,0,0,0,not_seen,0
aura/inputNumber,aura,False,,,False,0,0,passed,codegen,not_seen,0,,,0,0,0,0,0,0,not_seen,0
aura/inputPhone,aura,False,,,False,0,0,passed,codegen,not_seen,0,,,0,0,0,0,0,0,not_seen,0
aura/inputRadio,aura,False,,,False,0,0,passed,codegen,not_seen,0,,,0,0,0,0,0,0,not_seen,0
aura/inputSecret,aura,False,,,False,0,0,passed,codegen,not_seen,0,,,0,0,0,0,0,0,not_seen,0
aura/inputSelect,aura,False,,,False,0,0,passed,codegen,not_seen,0,,,0,0,0,0,0,0,not_seen,0
aura/inputText,aura,False,,,False,0,0,passed,codegen,not_seen,0,,,0,0,0,0,0,0,not_seen,0
aura/inputTextArea,aura,False,,,False,0,0,passed,codegen,not_seen,0,,,0,0,0,0,0,0,not_seen,0
aura/inputTextForAutocomplete,aura,False,,,False,0,0,passed,codegen,not_seen,0,,,0,0,0,0,0,0,not_seen,0
aura/inputURL,aura,False,,,False,0,0,passed,codegen,not_seen,0,,,0,0,0,0,0,0,not_seen,0
aura/label,aura,False,,,False,0,0,passed,codegen,not_seen,0,,,0,0,0,0,0,0,not_seen,0
aura/menuItem,aura,False,,,False,0,0,passed,codegen,not_seen,0,,,0,0,0,0,0,0,not_seen,0
aura/menuList,aura,True,True,,True,2,2,passed,codegen,not_seen,0,,,0,0,0,0,0,0,not_seen,0
aura/mobilePanel,aura,True,True,,True,3,2,passed,codegen,not_seen,0,,,0,0,0,0,0,0,not_seen,0
aura/modal,aura,True,True,,True,6,2,passed,codegen,not_seen,0,,,0,0,0,0,0,0,not_seen,0
aura/outputText,aura,False,,,False,0,0,passed,codegen,not_seen,0,,,0,0,0,0,0,0,not_seen,0
aura/panel,aura,False,,,False,0,0,passed,codegen,not_seen,0,,,0,0,0,0,0,0,not_seen,0
aura/panelManager2,aura,True,True,,True,1,0,passed,codegen,not_seen,0,,,0,0,0,0,0,0,not_seen,0
aura/pill,aura,False,,,False,0,0,passed,codegen,not_seen,0,,,0,0,0,0,0,0,not_seen,0
aura/pillContainer,aura,False,,,False,0,0,passed,codegen,not_seen,0,,,0,0,0,0,0,0,not_seen,0
aura/tooltip,aura,False,,,False,0,0,passed,codegen,not_seen,0,,,0,0,0,0,0,0,not_seen,0
aura/virtualDataTable,aura,False,,,False,0,0,passed,codegen,not_seen,0,,,0,0,0,0,0,0,not_seen,0
builder/framework/accordionLayoutUi,builder,False,,,False,0,0,passed,codegen,not_seen,0,,,0,0,0,0,0,0,not_seen,0
builder/framework/arrayPropertyEditorUi,builder,False,,,False,0,0,passed,codegen,not_seen,0,,,0,0,0,0,0,0,not_seen,0
builder/framework/auraComponentInfoUi,builder,False,,,False,0,0,passed,codegen,not_seen,0,,,0,0,0,0,0,0,not_seen,0
builder/framework/auraComponentPropertyEditorUi,builder,False,,,False,0,0,passed,codegen,not_seen,0,,,0,0,0,0,0,0,not_seen,0
builder/framework/autocompleteCombobox,builder,False,,,False,0,0,passed,codegen,not_seen,0,,,0,0,0,0,0,0,not_seen,0
builder/framework/baseEditorElement,builder,False,,,False,0,0,passed,codegen,not_seen,0,,,0,0,0,0,0,0,not_seen,0
builder/framework/baseEditorUi,builder,False,,,False,0,0,passed,codegen,not_seen,0,,,0,0,0,0,0,0,not_seen,0
builder/framework/booleanPropertyEditorUi,builder,False,,,False,0,0,passed,codegen,not_seen,0,,,0,0,0,0,0,0,not_seen,0
builder/framework/colorPropertyEditorUi,builder,False,,,False,0,0,passed,codegen,not_seen,0,,,0,0,0,0,0,0,not_seen,0
builder/framework/commandButton,builder,False,,,False,0,0,passed,codegen,not_seen,0,,,0,0,0,0,0,0,not_seen,0
builder/framework/commandCombobox,builder,False,,,False,0,0,passed,codegen,not_seen,0,,,0,0,0,0,0,0,not_seen,0
builder/framework/commandElement,builder,False,,,False,0,0,passed,codegen,not_seen,0,,,0,0,0,0,0,0,not_seen,0
builder/framework/component,builder,False,,,False,0,0,passed,codegen,not_seen,0,,,0,0,0,0,0,0,not_seen,0
builder/framework/componentEditorUi,builder,False,,,False,0,0,passed,codegen,not_seen,0,,,0,0,0,0,0,0,not_seen,0
builder/framework/componentEventUi,builder,False,,,False,0,0,passed,codegen,not_seen,0,,,0,0,0,0,0,0,not_seen,0
builder/framework/componentRenderer,builder,False,,,False,0,0,passed,codegen,not_seen,0,,,0,0,0,0,0,0,not_seen,0
builder/framework/componentVisibilityUi,builder,False,,,False,0,0,passed,codegen,not_seen,0,,,0,0,0,0,0,0,not_seen,0
builder/framework/compositePropertyEditorUi,builder,False,,,False,0,0,passed,codegen,not_seen,0,,,0,0,0,0,0,0,not_seen,0
builder/framework/confirm,builder,False,,,False,0,0,passed,codegen,not_seen,0,,,0,0,0,0,0,0,not_seen,0
builder/framework/dataProviderConfigurationCompactListUi,builder,False,,,False,0,0,passed,codegen,not_seen,0,,,0,0,0,0,0,0,not_seen,0
builder/framework/dataProviderConfigurationEmptyScreenUi,builder,False,,,False,0,0,passed,codegen,not_seen,0,,,0,0,0,0,0,0,not_seen,0
builder/framework/dataProviderConfigurationForm,builder,False,,,False,0,0,passed,codegen,not_seen,0,,,0,0,0,0,0,0,not_seen,0
builder/framework/dataProviderConfigurationListUi,builder,False,,,False,0,0,passed,codegen,not_seen,0,,,0,0,0,0,0,0,not_seen,0
builder/framework/dataProviderConfigurationModal,builder,False,,,False,0,0,passed,codegen,not_seen,0,,,0,0,0,0,0,0,not_seen,0
builder/framework/dataProviderObjectSwitcher,builder,False,,,False,0,0,passed,codegen,not_seen,0,,,0,0,0,0,0,0,not_seen,0
builder/framework/defaultEmailTemplatePageTemplate,builder,False,,,False,0,0,passed,codegen,not_seen,0,,,0,0,0,0,0,0,not_seen,0
builder/framework/diEditorUi,builder,False,,,False,0,0,passed,codegen,not_seen,0,,,0,0,0,0,0,0,not_seen,0
builder/framework/dimensionPropertyEditorUi,builder,False,,,False,0,0,passed,codegen,not_seen,0,,,0,0,0,0,0,0,not_seen,0
builder/framework/dpEditorUi,builder,False,,,False,0,0,passed,codegen,not_seen,0,,,0,0,0,0,0,0,not_seen,0
builder/framework/dpListUi,builder,False,,,False,0,0,passed,codegen,not_seen,0,,,0,0,0,0,0,0,not_seen,0
builder/framework/elementIcon,builder,False,,,False,0,0,passed,codegen,not_seen,0,,,0,0,0,0,0,0,not_seen,0
builder/framework/errorPopover,builder,False,,,False,0,0,passed,codegen,not_seen,0,,,0,0,0,0,0,0,not_seen,0
builder/framework/exampleHtmlEditorUi,builder,False,,,False,0,0,passed,codegen,not_seen,0,,,0,0,0,0,0,0,not_seen,0
builder/framework/exampleInlinePropertyEditorUi,builder,False,,,False,0,0,passed,codegen,not_seen,0,,,0,0,0,0,0,0,not_seen,0
builder/framework/exampleInputPropertyEditorWithValidationMessage,builder,False,,,False,0,0,passed,codegen,not_seen,0,,,0,0,0,0,0,0,not_seen,0
builder/framework/examplePropertySheetUiContainerDropdown,builder,False,,,False,0,0,passed,codegen,not_seen,0,,,0,0,0,0,0,0,not_seen,0
builder/framework/exampleTargetSelector,builder,False,,,False,0,0,passed,codegen,not_seen,0,,,0,0,0,0,0,0,not_seen,0
builder/framework/expressionBuilder,builder,False,,,False,0,0,passed,codegen,not_seen,0,,,0,0,0,0,0,0,not_seen,0
builder/framework/expressionBuilderColorSelector,builder,False,,,False,0,0,passed,codegen,not_seen,0,,,0,0,0,0,0,0,not_seen,0
builder/framework/expressionBuilderColorSwatchPanel,builder,False,,,False,0,0,passed,codegen,not_seen,0,,,0,0,0,0,0,0,not_seen,0
builder/framework/expressionBuilderCondition,builder,False,,,False,0,0,passed,codegen,not_seen,0,,,0,0,0,0,0,0,not_seen,0
builder/framework/expressionBuilderForm,builder,False,,,False,0,0,passed,codegen,not_seen,0,,,0,0,0,0,0,0,not_seen,0
builder/framework/expressionBuilderFormField,builder,False,,,False,0,0,passed,codegen,not_seen,0,,,0,0,0,0,0,0,not_seen,0
builder/framework/expressionBuilderGroupedIconCombobox,builder,False,,,False,0,0,passed,codegen,not_seen,0,,,0,0,0,0,0,0,not_seen,0
builder/framework/expressionBuilderModal,builder,False,,,False,0,0,passed,codegen,not_seen,0,,,0,0,0,0,0,0,not_seen,0
builder/framework/expressionBuilderModalBody,builder,False,,,False,0,0,passed,codegen,not_seen,0,,,0,0,0,0,0,0,not_seen,0
builder/framework/expressionEditor,builder,False,,,False,0,0,passed,codegen,not_seen,0,,,0,0,0,0,0,0,not_seen,0
builder/framework/expressionPropertyEditorUi,builder,False,,,False,0,0,passed,codegen,not_seen,0,,,0,0,0,0,0,0,not_seen,0
builder/framework/focusablePropertyEditorUi,builder,False,,,False,0,0,passed,codegen,not_seen,0,,,0,0,0,0,0,0,not_seen,0
builder/framework/focusableSection,builder,False,,,False,0,0,passed,codegen,not_seen,0,,,0,0,0,0,0,0,not_seen,0
builder/framework/header,builder,False,,,False,0,0,passed,codegen,not_seen,0,,,0,0,0,0,0,0,not_seen,0
builder/framework/horizontalLayoutUi,builder,False,,,False,0,0,passed,codegen,not_seen,0,,,0,0,0,0,0,0,not_seen,0
builder/framework/iframeCanvasUi,builder,False,,,False,0,0,passed,codegen,not_seen,0,,,0,0,0,0,0,0,not_seen,0
builder/framework/imageComponent,builder,False,,,False,0,0,passed,codegen,not_seen,0,,,0,0,0,0,0,0,not_seen,0
builder/framework/imagePropertyEditorUi,builder,False,,,False,0,0,passed,codegen,not_seen,0,,,0,0,0,0,0,0,not_seen,0
builder/framework/integerPropertyEditorUi,builder,False,,,False,0,0,passed,codegen,not_seen,0,,,0,0,0,0,0,0,not_seen,0
builder/framework/interactionCard,builder,False,,,False,0,0,passed,codegen,not_seen,0,,,0,0,0,0,0,0,not_seen,0
builder/framework/layout,builder,False,,,False,0,0,passed,codegen,not_seen,0,,,0,0,0,0,0,0,not_seen,0
builder/framework/listCanvas,builder,False,,,False,0,0,passed,codegen,not_seen,0,,,0,0,0,0,0,0,not_seen,0
builder/framework/listRenderer,builder,False,,,False,0,0,passed,codegen,not_seen,0,,,0,0,0,0,0,0,not_seen,0
builder/framework/mergeFieldPicker,builder,False,,,False,0,0,passed,codegen,not_seen,0,,,0,0,0,0,0,0,not_seen,0
builder/framework/multilinePropertyEditorUi,builder,False,,,False,0,0,passed,codegen,not_seen,0,,,0,0,0,0,0,0,not_seen,0
builder/framework/palette,builder,False,,,False,0,0,passed,codegen,not_seen,0,,,0,0,0,0,0,0,not_seen,0
builder/framework/paletteContainer,builder,False,,,False,0,0,passed,codegen,not_seen,0,,,0,0,0,0,0,0,not_seen,0
builder/framework/paletteItem,builder,False,,,False,0,0,passed,codegen,not_seen,0,,,0,0,0,0,0,0,not_seen,0
builder/framework/paletteSection,builder,False,,,False,0,0,passed,codegen,not_seen,0,,,0,0,0,0,0,0,not_seen,0
builder/framework/picklistUi,builder,False,,,False,0,0,passed,codegen,not_seen,0,,,0,0,0,0,0,0,not_seen,0
builder/framework/pivotalPropertySheetUi,builder,False,,,False,0,0,passed,codegen,not_seen,0,,,0,0,0,0,0,0,not_seen,0
builder/framework/propertyEditorAdapter,builder,False,,,False,0,0,passed,codegen,not_seen,0,,,0,0,0,0,0,0,not_seen,0
builder/framework/propertyEditorComponent,builder,False,,,False,0,0,passed,codegen,not_seen,0,,,0,0,0,0,0,0,not_seen,0
builder/framework/propertyEditorUiContainer,builder,False,,,False,0,0,passed,codegen,not_seen,0,,,0,0,0,0,0,0,not_seen,0
builder/framework/propertySheetContainer,builder,False,,,False,0,0,passed,codegen,not_seen,0,,,0,0,0,0,0,0,not_seen,0
builder/framework/propertySheetEditorUi,builder,False,,,False,0,0,passed,codegen,not_seen,0,,,0,0,0,0,0,0,not_seen,0
builder/framework/propertySheetUi,builder,False,,,False,0,0,passed,codegen,not_seen,0,,,0,0,0,0,0,0,not_seen,0
builder/framework/propertySheetUiContainer,builder,False,,,False,0,0,passed,codegen,not_seen,0,,,0,0,0,0,0,0,not_seen,0
builder/framework/screenPropertiesEditorContainer,builder,False,,,False,0,0,passed,codegen,not_seen,0,,,0,0,0,0,0,0,not_seen,0
builder/framework/stringPropertyEditorUi,builder,False,,,False,0,0,passed,codegen,not_seen,0,,,0,0,0,0,0,0,not_seen,0
builder/framework/tabsetLayoutUi,builder,False,,,False,0,0,passed,codegen,not_seen,0,,,0,0,0,0,0,0,not_seen,0
builder/framework/test,builder,False,,,False,0,0,passed,codegen,not_seen,0,,,0,0,0,0,0,0,not_seen,0
builder/framework/toolbar,builder,False,,,False,0,0,passed,codegen,not_seen,0,,,0,0,0,0,0,0,not_seen,0
builder/framework/verticalLayoutUi,builder,False,,,False,0,0,passed,codegen,not_seen,0,,,0,0,0,0,0,0,not_seen,0
builder_industries_constraints/associationList,builder_industries_constraints,False,,,False,0,0,passed,codegen,not_seen,0,,,0,0,0,0,0,0,not_seen,0
builder_industries_constraints/associationModal,builder_industries_constraints,False,,,False,0,0,passed,codegen,not_seen,0,,,0,0,0,0,0,0,not_seen,0
builder_industries_constraints/attributeList,builder_industries_constraints,False,,,False,0,0,passed,codegen,not_seen,0,,,0,0,0,0,0,0,not_seen,0
builder_industries_constraints/attributeModal,builder_industries_constraints,False,,,False,0,0,passed,codegen,not_seen,0,,,0,0,0,0,0,0,not_seen,0
builder_industries_constraints/buiAddItemModal,builder_industries_constraints,False,,,False,0,0,passed,codegen,not_seen,0,,,0,0,0,0,0,0,not_seen,0
builder_industries_constraints/buiBasicConstraint,builder_industries_constraints,False,,,False,0,0,passed,codegen,not_seen,0,,,0,0,0,0,0,0,not_seen,0
builder_industries_constraints/buiConditionalConstraint,builder_industries_constraints,False,,,False,0,0,passed,codegen,not_seen,0,,,0,0,0,0,0,0,not_seen,0
builder_industries_constraints/buiConstraintExpressions,builder_industries_constraints,False,,,False,0,0,passed,codegen,not_seen,0,,,0,0,0,0,0,0,not_seen,0
builder_industries_constraints/buiConstraintModelsList,builder_industries_constraints,True,True,,True,3,0,passed,codegen,not_seen,0,,,0,0,0,0,0,0,not_seen,0
builder_industries_constraints/buiConstraintsEditor,builder_industries_constraints,True,True,,True,13,0,passed,codegen,not_seen,0,,,0,0,0,0,0,0,not_seen,0
builder_industries_constraints/buiConstraintsList,builder_industries_constraints,False,,,False,0,0,passed,codegen,not_seen,0,,,0,0,0,0,0,0,not_seen,0
builder_industries_constraints/buiConstraintsListItem,builder_industries_constraints,False,,,False,0,0,passed,codegen,not_seen,0,,,0,0,0,0,0,0,not_seen,0
builder_industries_constraints/buiExcludeRule,builder_industries_constraints,False,,,False,0,0,passed,codegen,not_seen,0,,,0,0,0,0,0,0,not_seen,0
builder_industries_constraints/buiExpressionRowContainer,builder_industries_constraints,False,,,False,0,0,passed,codegen,not_seen,0,,,0,0,0,0,0,0,not_seen,0
builder_industries_constraints/buiLeftRail,builder_industries_constraints,False,,,False,0,0,passed,codegen,not_seen,0,,,0,0,0,0,0,0,not_seen,0
builder_industries_constraints/buiMessageConstraint,builder_industries_constraints,False,,,False,0,0,passed,codegen,not_seen,0,,,0,0,0,0,0,0,not_seen,0
builder_industries_constraints/buiPaletteItem,builder_industries_constraints,False,,,False,0,0,passed,codegen,not_seen,0,,,0,0,0,0,0,0,not_seen,0
builder_industries_constraints/buiPalettePopover,builder_industries_constraints,False,,,False,0,0,passed,codegen,not_seen,0,,,0,0,0,0,0,0,not_seen,0
builder_industries_constraints/buiProductListModal,builder_industries_constraints,False,,,False,0,0,passed,codegen,not_seen,0,,,0,0,0,0,0,0,not_seen,0
builder_industries_constraints/buiRequireRule,builder_industries_constraints,False,,,False,0,0,passed,codegen,not_seen,0,,,0,0,0,0,0,0,not_seen,0
builder_industries_constraints/buiRequiredAttribute,builder_industries_constraints,False,,,False,0,0,passed,codegen,not_seen,0,,,0,0,0,0,0,0,not_seen,0
builder_industries_constraints/buiRequiredAttributeRowContainer,builder_industries_constraints,False,,,False,0,0,passed,codegen,not_seen,0,,,0,0,0,0,0,0,not_seen,0
builder_industries_constraints/buiRequiredExpression,builder_industries_constraints,False,,,False,0,0,passed,codegen,not_seen,0,,,0,0,0,0,0,0,not_seen,0
builder_industries_constraints/buiSearchCombobox,builder_industries_constraints,False,,,False,0,0,passed,codegen,not_seen,0,,,0,0,0,0,0,0,not_seen,0
builder_industries_constraints/buiTypesRailPanel,builder_industries_constraints,False,,,False,0,0,passed,codegen,not_seen,0,,,0,0,0,0,0,0,not_seen,0
builder_industries_constraints/buiUnsupportedConstraint,builder_industries_constraints,False,,,False,0,0,passed,codegen,not_seen,0,,,0,0,0,0,0,0,not_seen,0
builder_industries_constraints/cmlEditor,builder_industries_constraints,False,,,False,0,0,passed,codegen,not_seen,0,,,0,0,0,0,0,0,not_seen,0
builder_industries_constraints/commandButton,builder_industries_constraints,False,,,False,0,0,passed,codegen,not_seen,0,,,0,0,0,0,0,0,not_seen,0
builder_industries_constraints/constraintEditor,builder_industries_constraints,True,True,,True,30,0,passed,codegen,not_seen,0,,,0,0,0,0,0,0,not_seen,0
builder_industries_constraints/header,builder_industries_constraints,False,,,False,0,0,passed,codegen,not_seen,0,,,0,0,0,0,0,0,not_seen,0
builder_industries_constraints/illustration,builder_industries_constraints,False,,,False,0,0,passed,codegen,not_seen,0,,,0,0,0,0,0,0,not_seen,0
builder_industries_constraints/onboardingManagerServiceComponent,builder_industries_constraints,False,,,False,0,0,passed,codegen,not_seen,0,,,0,0,0,0,0,0,not_seen,0
builder_industries_constraints/popover,builder_industries_constraints,False,,,False,0,0,passed,codegen,not_seen,0,,,0,0,0,0,0,0,not_seen,0
builder_industries_constraints/rail,builder_industries_constraints,False,,,False,0,0,passed,codegen,not_seen,0,,,0,0,0,0,0,0,not_seen,0
builder_industries_constraints/referenceLibraryPicker,builder_industries_constraints,False,,,False,0,0,passed,codegen,not_seen,0,,,0,0,0,0,0,0,not_seen,0
builder_industries_constraints/relationList,builder_industries_constraints,False,,,False,0,0,passed,codegen,not_seen,0,,,0,0,0,0,0,0,not_seen,0
builder_industries_constraints/relationModal,builder_industries_constraints,False,,,False,0,0,passed,codegen,not_seen,0,,,0,0,0,0,0,0,not_seen,0
builder_industries_constraints/resizablePanel,builder_industries_constraints,False,,,False,0,0,passed,codegen,not_seen,0,,,0,0,0,0,0,0,not_seen,0
builder_industries_constraints/sidebar,builder_industries_constraints,False,,,False,0,0,passed,codegen,not_seen,0,,,0,0,0,0,0,0,not_seen,0
builder_industries_constraints/syncPopover,builder_industries_constraints,False,,,False,0,0,passed,codegen,not_seen,0,,,0,0,0,0,0,0,not_seen,0
builder_industries_constraints/typeDetail,builder_industries_constraints,False,,,False,0,0,passed,codegen,not_seen,0,,,0,0,0,0,0,0,not_seen,0
builder_industries_constraints/typeDetailAssociationsTab,builder_industries_constraints,False,,,False,0,0,passed,codegen,not_seen,0,,,0,0,0,0,0,0,not_seen,0
builder_industries_constraints/typeDetailPanelHeader,builder_industries_constraints,False,,,False,0,0,passed,codegen,not_seen,0,,,0,0,0,0,0,0,not_seen,0
builder_industries_constraints/typeDetailRelationshipsTab,builder_industries_constraints,False,,,False,0,0,passed,codegen,not_seen,0,,,0,0,0,0,0,0,not_seen,0
builder_industries_constraints/typeDetailVariablesTab,builder_industries_constraints,False,,,False,0,0,passed,codegen,not_seen,0,,,0,0,0,0,0,0,not_seen,0
builder_industries_constraints/typeModal,builder_industries_constraints,False,,,False,0,0,passed,codegen,not_seen,0,,,0,0,0,0,0,0,not_seen,0
builder_industries_constraints/welcomeMat,builder_industries_constraints,False,,,False,0,0,passed,codegen,not_seen,0,,,0,0,0,0,0,0,not_seen,0
builder_platform_interaction/fieldInput,builder_platform_interaction,False,,,False,0,0,passed,codegen,not_seen,0,,,0,0,0,0,0,0,not_seen,0
builder_platform_interaction/panelHeader,builder_platform_interaction,False,,,False,0,0,passed,codegen,not_seen,0,,,0,0,0,0,0,0,not_seen,0
builder_platform_interaction/rightPanel,builder_platform_interaction,False,,,False,0,0,passed,codegen,not_seen,0,,,0,0,0,0,0,0,not_seen,0
builder_platform_interaction/rightPanelOverlay,builder_platform_interaction,False,,,False,0,0,passed,codegen,not_seen,0,,,0,0,0,0,0,0,not_seen,0
commerce_console/leftNav,commerce_console,True,True,,True,1,0,passed,codegen,not_seen,0,,,0,0,0,0,0,0,not_seen,0
commerce_console/leftNavContainer,commerce_console,True,True,,True,1,0,passed,codegen,not_seen,0,,,0,0,0,0,0,0,not_seen,0
commerce_console/leftNavItem,commerce_console,True,True,,True,2,0,passed,codegen,not_seen,0,,,0,0,0,0,0,0,not_seen,0
commons/customModal,commons,True,True,,True,6,0,passed,codegen,not_seen,0,,,0,0,0,0,0,0,not_seen,0
community_builder/columnSlider,community_builder,False,,,False,0,0,passed,codegen,not_seen,0,,,0,0,0,0,0,0,not_seen,0
community_builder/optionVisualPicker,community_builder,False,,,False,0,0,passed,codegen,not_seen,0,,,0,0,0,0,0,0,not_seen,0
community_builder/optionVisualPickerItem,community_builder,False,,,False,0,0,passed,codegen,not_seen,0,,,0,0,0,0,0,0,not_seen,0
community_layout/column,community_layout,False,,,False,0,0,passed,codegen,not_seen,0,,,0,0,0,0,0,0,not_seen,0
community_layout/section,community_layout,False,,,False,0,0,passed,codegen,not_seen,0,,,0,0,0,0,0,0,not_seen,0
community_layout/sldsFlexibleLayout,community_layout,False,,,False,0,0,passed,codegen,not_seen,0,,,0,0,0,0,0,0,not_seen,0
dev/workspace/cardView,dev,True,True,,False,0,0,passed,codegen,not_seen,0,,,0,0,0,0,0,0,not_seen,0
dev/workspace/cardViewList,dev,True,True,,False,0,0,passed,codegen,not_seen,0,,,0,0,0,0,0,0,not_seen,0
dev/workspace/deleteProjectModal,dev,False,,,False,0,0,passed,codegen,not_seen,0,,,0,0,0,0,0,0,not_seen,0
dev/workspace/explorerBody,dev,False,,,False,0,0,passed,codegen,not_seen,0,,,0,0,0,0,0,0,not_seen,0
dev/workspace/explorerContainer,dev,False,,,False,0,0,passed,codegen,not_seen,0,,,0,0,0,0,0,0,not_seen,0
dev/workspace/explorerHeader,dev,False,,,False,0,0,passed,codegen,not_seen,0,,,0,0,0,0,0,0,not_seen,0
dev/workspace/explorerTreeGrid,dev,False,,,False,0,0,passed,codegen,not_seen,0,,,0,0,0,0,0,0,not_seen,0
dev/workspace/homePageList,dev,True,True,,False,0,0,passed,codegen,not_seen,0,,,0,0,0,0,0,0,not_seen,0
dev/workspace/metadataNameCell,dev,True,True,,False,0,0,passed,codegen,not_seen,0,,,0,0,0,0,0,0,not_seen,0
dev/workspace/modalSpinner,dev,False,,,False,0,0,passed,codegen,not_seen,0,,,0,0,0,0,0,0,not_seen,0
dev/workspace/projectDetailPage,dev,True,True,,False,0,0,passed,codegen,not_seen,0,,,0,0,0,0,0,0,not_seen,0
dev/workspace/projectHomePageList,dev,True,True,,False,0,0,passed,codegen,not_seen,0,,,0,0,0,0,0,0,not_seen,0
dev/workspace/projectStudioHomePage,dev,True,True,,False,0,0,passed,codegen,not_seen,0,,,0,0,0,0,0,0,not_seen,0
dev/workspace/projectStudioPageLayout,dev,True,True,,False,0,0,passed,codegen,not_seen,0,,,0,0,0,0,0,0,not_seen,0
dev/workspace/relationshipViewContainer,dev,True,True,,False,0,0,passed,codegen,not_seen,0,,,0,0,0,0,0,0,not_seen,0
dev/workspace/stateScreen,dev,True,True,,False,0,0,passed,codegen,not_seen,0,,,0,0,0,0,0,0,not_seen,0
dev/workspace/upsertWorkspaceModal,dev,True,True,,False,0,0,passed,codegen,not_seen,0,,,0,0,0,0,0,0,not_seen,0
dev/workspace/workspaceExplorer,dev,True,True,,False,0,0,passed,codegen,not_seen,0,,,0,0,0,0,0,0,not_seen,0
dev/workspace/workspacePicker,dev,True,True,,False,0,0,passed,codegen,not_seen,0,,,0,0,0,0,0,0,not_seen,0
devops/center/appdevPanel,devops,False,,,False,0,0,passed,codegen,not_seen,0,,,0,0,0,0,0,0,not_seen,0
devops/center/baseComponent,devops,True,False,DevOps Center managed package (not in a standard scratch org),False,0,0,passed,codegen,skipped,6,"cdp,webdriver","console,home,setup",0,0,0,0,0,0,not_seen,0
devops/center/notificationPopover,devops,False,,,False,0,0,passed,codegen,not_seen,0,,,0,0,0,0,0,0,not_seen,0
devops/center/orgInfo,devops,False,,,False,0,0,passed,codegen,not_seen,0,,,0,0,0,0,0,0,not_seen,0
devops/center/panelButton,devops,True,True,,False,0,0,passed,codegen,not_seen,0,,,0,0,0,0,0,0,not_seen,0
devops/center/panelDropdown,devops,False,,,False,0,0,passed,codegen,not_seen,0,,,0,0,0,0,0,0,not_seen,0
devops/center/salesforceStudioContainer,devops,False,,,False,0,0,passed,codegen,not_seen,0,,,0,0,0,0,0,0,not_seen,0
devops/center/viewChangesContainer,devops,False,,,False,0,0,passed,codegen,not_seen,0,,,0,0,0,0,0,0,not_seen,0
dxp_action/commonActionRibbon,dxp_action,True,False,Experience Cloud (Digital Experience) site,True,5,0,passed,codegen,not_seen,0,,,0,0,0,0,0,0,not_seen,0
dxp_base/languageSelector,dxp_base,True,False,Experience Cloud (Digital Experience) site,True,2,1,passed,codegen,not_seen,0,,,0,0,0,0,0,0,not_seen,0
dxp_base/textBlock,dxp_base,True,False,Experience Cloud (Digital Experience) site,True,2,0,passed,codegen,not_seen,0,,,0,0,0,0,0,0,not_seen,0
dxp_content_layout/grid,dxp_content_layout,True,False,Experience Cloud (Digital Experience) site,True,1,0,passed,codegen,not_seen,0,,,0,0,0,0,0,0,not_seen,0
dxp_data_provider/repeaterItem,dxp_data_provider,True,False,Experience Cloud (Digital Experience) site,True,1,0,passed,codegen,not_seen,0,,,0,0,0,0,0,0,not_seen,0
dxp_form/dxpInput,dxp_form,True,False,Experience Cloud (Digital Experience) site,True,2,1,passed,codegen,not_seen,0,,,0,0,0,0,0,0,not_seen,0
dxp_form/leadForm,dxp_form,True,False,Experience Cloud (Digital Experience) site,True,6,0,passed,codegen,not_seen,0,,,0,0,0,0,0,0,not_seen,0
dxp_records/detailPanel,dxp_records,False,,,False,0,0,passed,codegen,not_seen,0,,,0,0,0,0,0,0,not_seen,0
dxp_records/section,dxp_records,False,,,False,0,0,passed,codegen,not_seen,0,,,0,0,0,0,0,0,not_seen,0
dxp_records/sectionRow,dxp_records,False,,,False,0,0,passed,codegen,not_seen,0,,,0,0,0,0,0,0,not_seen,0
easy/components/canvasIframe,easy,True,True,,False,0,0,passed,codegen,not_seen,0,,,0,0,0,0,0,0,not_seen,0
easy/components/easyBlockBuilderCanvas,easy,False,,,False,0,0,passed,codegen,not_seen,0,,,0,0,0,0,0,0,not_seen,0
easy/components/easyPaletteSection,easy,True,True,,False,0,0,passed,codegen,not_seen,0,,,0,0,0,0,0,0,not_seen,0
easy/components/standardUsersMarketingActivationModal,easy,True,True,,False,0,0,passed,codegen,not_seen,0,,,0,0,0,0,0,0,not_seen,0
email/formattedEmailWrapper,email,False,,,False,0,0,passed,codegen,not_seen,0,,,0,0,0,0,0,0,not_seen,0
email/sfaEmailWrapper,email,False,,,False,0,0,passed,codegen,not_seen,0,,,0,0,0,0,0,0,not_seen,0
energyutilities/euagentconsole/premisesList,energyutilities,True,True,,False,0,0,passed,codegen,not_seen,0,,,0,0,0,0,0,0,not_seen,0
energyutilities/euagentconsole/selectServicePointsAndProducts,energyutilities,False,,,False,0,0,passed,codegen,not_seen,0,,,0,0,0,0,0,0,not_seen,0
energyutilities/euagentconsole/servicePointsList,energyutilities,False,,,False,0,0,passed,codegen,not_seen,0,,,0,0,0,0,0,0,not_seen,0
energyutilities/eucommon/customTable,energyutilities,False,,,False,0,0,passed,codegen,not_seen,0,,,0,0,0,0,0,0,not_seen,0
energyutilities/eucommon/primitiveCellFactory,energyutilities,False,,,False,0,0,passed,codegen,not_seen,0,,,0,0,0,0,0,0,not_seen,0
energyutilities/eucommon/primitiveCustomCell,energyutilities,False,,,False,0,0,passed,codegen,not_seen,0,,,0,0,0,0,0,0,not_seen,0
energyutilities/eucommon/selectItemTableCell,energyutilities,False,,,False,0,0,passed,codegen,not_seen,0,,,0,0,0,0,0,0,not_seen,0
energyutilities/euselfserveprtl/actionableMessageNotifier,energyutilities,False,,,False,0,0,passed,codegen,not_seen,0,,,0,0,0,0,0,0,not_seen,0
energyutilities/euselfserveprtl/locationDisplay,energyutilities,False,,,False,0,0,passed,codegen,not_seen,0,,,0,0,0,0,0,0,not_seen,0
energyutilities/euselfserveprtl/locationSelection,energyutilities,False,,,False,0,0,passed,codegen,not_seen,0,,,0,0,0,0,0,0,not_seen,0
energyutilities/euselfserveprtl/omniscriptExperienceCloud,energyutilities,False,,,False,0,0,passed,codegen,not_seen,0,,,0,0,0,0,0,0,not_seen,0
energyutilities/euselfserveprtl/programProductDisplay,energyutilities,False,,,False,0,0,passed,codegen,not_seen,0,,,0,0,0,0,0,0,not_seen,0
energyutilities/euselfserveprtl/selectProgramProducts,energyutilities,False,,,False,0,0,passed,codegen,not_seen,0,,,0,0,0,0,0,0,not_seen,0
es_base_components/button,es_base_components,False,,,False,0,0,passed,codegen,not_seen,0,,,0,0,0,0,0,0,not_seen,0
es_base_components/column,es_base_components,False,,,False,0,0,passed,codegen,not_seen,0,,,0,0,0,0,0,0,not_seen,0
es_base_components/divider,es_base_components,False,,,False,0,0,passed,codegen,not_seen,0,,,0,0,0,0,0,0,not_seen,0
es_base_components/heading,es_base_components,False,,,False,0,0,passed,codegen,not_seen,0,,,0,0,0,0,0,0,not_seen,0
es_base_components/headingInlineEdit,es_base_components,False,,,False,0,0,passed,codegen,not_seen,0,,,0,0,0,0,0,0,not_seen,0
es_base_components/htmlBlock,es_base_components,False,,,False,0,0,passed,codegen,not_seen,0,,,0,0,0,0,0,0,not_seen,0
es_base_components/listComponent,es_base_components,False,,,False,0,0,passed,codegen,not_seen,0,,,0,0,0,0,0,0,not_seen,0
es_base_components/paragraph,es_base_components,False,,,False,0,0,passed,codegen,not_seen,0,,,0,0,0,0,0,0,not_seen,0
es_base_components/paragraphInlineEdit,es_base_components,False,,,False,0,0,passed,codegen,not_seen,0,,,0,0,0,0,0,0,not_seen,0
es_base_components/section,es_base_components,False,,,False,0,0,passed,codegen,not_seen,0,,,0,0,0,0,0,0,not_seen,0
es_block_builder/actions,es_block_builder,True,True,,True,1,0,passed,codegen,not_seen,0,,,0,0,0,0,0,0,not_seen,0
es_block_builder/activationDataProviderCard,es_block_builder,False,,,False,0,0,passed,codegen,not_seen,0,,,0,0,0,0,0,0,not_seen,0
es_block_builder/addDataSource,es_block_builder,False,,,False,0,0,passed,codegen,not_seen,0,,,0,0,0,0,0,0,not_seen,0
es_block_builder/addImageWithPreview,es_block_builder,False,,,False,0,0,passed,codegen,not_seen,0,,,0,0,0,0,0,0,not_seen,0
es_block_builder/blockBuilderCanvas,es_block_builder,True,True,,True,3,0,passed,codegen,not_seen,0,,,0,0,0,0,0,0,not_seen,0
es_block_builder/blockBuilderPaletteContainer,es_block_builder,False,,,False,0,0,passed,codegen,not_seen,0,,,0,0,0,0,0,0,not_seen,0
es_block_builder/blockBuilderPropertyPanel,es_block_builder,True,True,,True,5,1,passed,codegen,not_seen,0,,,0,0,0,0,0,0,not_seen,0
es_block_builder/blockBuilderUi,es_block_builder,False,,,False,0,0,passed,codegen,not_seen,0,,,0,0,0,0,0,0,not_seen,0
es_block_builder/canvasIframe,es_block_builder,True,True,,True,2,0,passed,codegen,not_seen,0,,,0,0,0,0,0,0,not_seen,0
es_block_builder/confirmationDialog,es_block_builder,False,,,False,0,0,passed,codegen,not_seen,0,,,0,0,0,0,0,0,not_seen,0
es_block_builder/dataGraphDataProviderCard,es_block_builder,False,,,False,0,0,passed,codegen,not_seen,0,,,0,0,0,0,0,0,not_seen,0
es_block_builder/dataProviderBaseCard,es_block_builder,False,,,False,0,0,passed,codegen,not_seen,0,,,0,0,0,0,0,0,not_seen,0
es_block_builder/dataProviderConfig,es_block_builder,False,,,False,0,0,passed,codegen,not_seen,0,,,0,0,0,0,0,0,not_seen,0
es_block_builder/dataProviderConfigEditor,es_block_builder,False,,,False,0,0,passed,codegen,not_seen,0,,,0,0,0,0,0,0,not_seen,0
es_block_builder/dataProviderContainer,es_block_builder,False,,,False,0,0,passed,codegen,not_seen,0,,,0,0,0,0,0,0,not_seen,0
es_block_builder/dataProviderListContainer,es_block_builder,False,,,False,0,0,passed,codegen,not_seen,0,,,0,0,0,0,0,0,not_seen,0
es_block_builder/editor,es_block_builder,True,True,,True,3,0,passed,codegen,not_seen,0,,,0,0,0,0,0,0,not_seen,0
es_block_builder/editorResolver,es_block_builder,True,True,,True,3,0,passed,codegen,not_seen,0,,,0,0,0,0,0,0,not_seen,0
es_block_builder/eventDataProviderCard,es_block_builder,False,,,False,0,0,passed,codegen,not_seen,0,,,0,0,0,0,0,0,not_seen,0
es_block_builder/header,es_block_builder,True,True,,True,2,0,passed,codegen,not_seen,0,,,0,0,0,0,0,0,not_seen,0
es_block_builder/inputApiNameEditor,es_block_builder,False,,,False,0,0,passed,codegen,not_seen,0,,,0,0,0,0,0,0,not_seen,0
es_block_builder/inputTitleEditor,es_block_builder,False,,,False,0,0,passed,codegen,not_seen,0,,,0,0,0,0,0,0,not_seen,0
es_block_builder/landingPageRenderer,es_block_builder,True,True,,True,0,0,passed,codegen,not_seen,0,,,0,0,0,0,0,0,not_seen,0
es_block_builder/mcontentFormEditor,es_block_builder,False,,,False,0,0,passed,codegen,not_seen,0,,,0,0,0,0,0,0,not_seen,0
es_block_builder/mediaFileCard,es_block_builder,False,,,False,0,0,passed,codegen,not_seen,0,,,0,0,0,0,0,0,not_seen,0
es_block_builder/mediaWithPreview,es_block_builder,False,,,False,0,0,passed,codegen,not_seen,0,,,0,0,0,0,0,0,not_seen,0
es_block_builder/noticeCenter,es_block_builder,False,,,False,0,0,passed,codegen,not_seen,0,,,0,0,0,0,0,0,not_seen,0
es_block_builder/primaryPanel,es_block_builder,True,True,,True,5,0,passed,codegen,not_seen,0,,,0,0,0,0,0,0,not_seen,0
es_block_builder/recommendationDataProviderCard,es_block_builder,False,,,False,0,0,passed,codegen,not_seen,0,,,0,0,0,0,0,0,not_seen,0
es_block_builder/redoButton,es_block_builder,True,True,,True,1,0,passed,codegen,not_seen,0,,,0,0,0,0,0,0,not_seen,0
es_block_builder/schemaDrivenContentEditor,es_block_builder,False,,,False,0,0,passed,codegen,not_seen,0,,,0,0,0,0,0,0,not_seen,0
es_block_builder/schemaDrivenPropertySheetUi,es_block_builder,False,,,False,0,0,passed,codegen,not_seen,0,,,0,0,0,0,0,0,not_seen,0
es_block_builder/toolbar,es_block_builder,True,True,,True,4,0,passed,codegen,not_seen,0,,,0,0,0,0,0,0,not_seen,0
es_block_builder/undoButton,es_block_builder,True,True,,True,1,0,passed,codegen,not_seen,0,,,0,0,0,0,0,0,not_seen,0
es_block_builder/unifiedIndividualDataProviderCard,es_block_builder,False,,,False,0,0,passed,codegen,not_seen,0,,,0,0,0,0,0,0,not_seen,0
es_block_builder/urlNameInput,es_block_builder,False,,,False,0,0,passed,codegen,not_seen,0,,,0,0,0,0,0,0,not_seen,0
es_brand/brandEditorUi,es_brand,False,,,False,0,0,passed,codegen,not_seen,0,,,0,0,0,0,0,0,not_seen,0
es_brand/colorSchemePropertyEditor,es_brand,False,,,False,0,0,passed,codegen,not_seen,0,,,0,0,0,0,0,0,not_seen,0
es_data_field/blockBuilderFieldPaletteContainer,es_data_field,False,,,False,0,0,passed,codegen,not_seen,0,,,0,0,0,0,0,0,not_seen,0
es_design/componentWrapper,es_design,False,,,False,0,0,passed,codegen,not_seen,0,,,0,0,0,0,0,0,not_seen,0
es_design/errorComponent,es_design,False,,,False,0,0,passed,codegen,not_seen,0,,,0,0,0,0,0,0,not_seen,0
es_design/regionWrapper,es_design,False,,,False,0,0,passed,codegen,not_seen,0,,,0,0,0,0,0,0,not_seen,0
es_design/treeComponentNode,es_design,True,True,,True,4,1,passed,codegen,not_seen,0,,,0,0,0,0,0,0,not_seen,0
es_property_editors/actionIcon,es_property_editors,False,,,False,0,0,passed,codegen,not_seen,0,,,0,0,0,0,0,0,not_seen,0
es_property_editors/codeEditor,es_property_editors,False,,,False,0,0,passed,codegen,not_seen,0,,,0,0,0,0,0,0,not_seen,0
es_property_editors/colorEditor,es_property_editors,False,,,False,0,0,passed,codegen,not_seen,0,,,0,0,0,0,0,0,not_seen,0
es_property_editors/colorSchemeEditor,es_property_editors,False,,,False,0,0,passed,codegen,not_seen,0,,,0,0,0,0,0,0,not_seen,0
es_property_editors/dataBindingButton,es_property_editors,False,,,False,0,0,passed,codegen,not_seen,0,,,0,0,0,0,0,0,not_seen,0
es_property_editors/dataProviderBaseContainer,es_property_editors,False,,,False,0,0,passed,codegen,not_seen,0,,,0,0,0,0,0,0,not_seen,0
es_property_editors/dataProviderGroupedCombobox,es_property_editors,False,,,False,0,0,passed,codegen,not_seen,0,,,0,0,0,0,0,0,not_seen,0
es_property_editors/expressionRuleType,es_property_editors,False,,,False,0,0,passed,codegen,not_seen,0,,,0,0,0,0,0,0,not_seen,0
es_property_editors/expressionSortType,es_property_editors,False,,,False,0,0,passed,codegen,not_seen,0,,,0,0,0,0,0,0,not_seen,0
es_property_editors/fragmentContentPickerEditor,es_property_editors,False,,,False,0,0,passed,codegen,not_seen,0,,,0,0,0,0,0,0,not_seen,0
es_property_editors/inputAudio,es_property_editors,False,,,False,0,0,passed,codegen,not_seen,0,,,0,0,0,0,0,0,not_seen,0
es_property_editors/inputBackgroundImage,es_property_editors,False,,,False,0,0,passed,codegen,not_seen,0,,,0,0,0,0,0,0,not_seen,0
es_property_editors/inputBoolean,es_property_editors,False,,,False,0,0,passed,codegen,not_seen,0,,,0,0,0,0,0,0,not_seen,0
es_property_editors/inputBrand,es_property_editors,False,,,False,0,0,passed,codegen,not_seen,0,,,0,0,0,0,0,0,not_seen,0
es_property_editors/inputContentRefList,es_property_editors,False,,,False,0,0,passed,codegen,not_seen,0,,,0,0,0,0,0,0,not_seen,0
es_property_editors/inputContentType,es_property_editors,False,,,False,0,0,passed,codegen,not_seen,0,,,0,0,0,0,0,0,not_seen,0
es_property_editors/inputCounter,es_property_editors,False,,,False,0,0,passed,codegen,not_seen,0,,,0,0,0,0,0,0,not_seen,0
es_property_editors/inputDate,es_property_editors,False,,,False,0,0,passed,codegen,not_seen,0,,,0,0,0,0,0,0,not_seen,0
es_property_editors/inputDateTime,es_property_editors,False,,,False,0,0,passed,codegen,not_seen,0,,,0,0,0,0,0,0,not_seen,0
es_property_editors/inputDocument,es_property_editors,False,,,False,0,0,passed,codegen,not_seen,0,,,0,0,0,0,0,0,not_seen,0
es_property_editors/inputDropdown,es_property_editors,False,,,False,0,0,passed,codegen,not_seen,0,,,0,0,0,0,0,0,not_seen,0
es_property_editors/inputDropdownOrDefaultText,es_property_editors,False,,,False,0,0,passed,codegen,not_seen,0,,,0,0,0,0,0,0,not_seen,0
es_property_editors/inputHeadHtml,es_property_editors,False,,,False,0,0,passed,codegen,not_seen,0,,,0,0,0,0,0,0,not_seen,0
es_property_editors/inputHtml,es_property_editors,False,,,False,0,0,passed,codegen,not_seen,0,,,0,0,0,0,0,0,not_seen,0
es_property_editors/inputImage,es_property_editors,False,,,False,0,0,passed,codegen,not_seen,0,,,0,0,0,0,0,0,not_seen,0
es_property_editors/inputList,es_property_editors,False,,,False,0,0,passed,codegen,not_seen,0,,,0,0,0,0,0,0,not_seen,0
es_property_editors/inputNumber,es_property_editors,False,,,False,0,0,passed,codegen,not_seen,0,,,0,0,0,0,0,0,not_seen,0
es_property_editors/inputRichText,es_property_editors,False,,,False,0,0,passed,codegen,not_seen,0,,,0,0,0,0,0,0,not_seen,0
es_property_editors/inputText,es_property_editors,False,,,False,0,0,passed,codegen,not_seen,0,,,0,0,0,0,0,0,not_seen,0
es_property_editors/inputTextWithAction,es_property_editors,False,,,False,0,0,passed,codegen,not_seen,0,,,0,0,0,0,0,0,not_seen,0
es_property_editors/inputTextarea,es_property_editors,False,,,False,0,0,passed,codegen,not_seen,0,,,0,0,0,0,0,0,not_seen,0
es_property_editors/inputTime,es_property_editors,False,,,False,0,0,passed,codegen,not_seen,0,,,0,0,0,0,0,0,not_seen,0
es_property_editors/inputTitle,es_property_editors,False,,,False,0,0,passed,codegen,not_seen,0,,,0,0,0,0,0,0,not_seen,0
es_property_editors/inputUrl,es_property_editors,False,,,False,0,0,passed,codegen,not_seen,0,,,0,0,0,0,0,0,not_seen,0
es_property_editors/inputVideo,es_property_editors,False,,,False,0,0,passed,codegen,not_seen,0,,,0,0,0,0,0,0,not_seen,0
es_property_editors/manualCollectionItems,es_property_editors,True,True,,True,6,0,passed,codegen,not_seen,0,,,0,0,0,0,0,0,not_seen,0
es_property_editors/mergeFieldButton,es_property_editors,False,,,False,0,0,passed,codegen,not_seen,0,,,0,0,0,0,0,0,not_seen,0
es_property_editors/objectApiNameDropdown,es_property_editors,False,,,False,0,0,passed,codegen,not_seen,0,,,0,0,0,0,0,0,not_seen,0
es_property_editors/outputText,es_property_editors,False,,,False,0,0,passed,codegen,not_seen,0,,,0,0,0,0,0,0,not_seen,0
es_property_editors/pillInput,es_property_editors,False,,,False,0,0,passed,codegen,not_seen,0,,,0,0,0,0,0,0,not_seen,0
es_property_editors/pillInputWithAction,es_property_editors,False,,,False,0,0,passed,codegen,not_seen,0,,,0,0,0,0,0,0,not_seen,0
es_property_editors/propertyEditorFlyout,es_property_editors,False,,,False,0,0,passed,codegen,not_seen,0,,,0,0,0,0,0,0,not_seen,0
es_property_editors/recordTypeDropdown,es_property_editors,False,,,False,0,0,passed,codegen,not_seen,0,,,0,0,0,0,0,0,not_seen,0
es_property_editors/repeaterDataSourcePicker,es_property_editors,False,,,False,0,0,passed,codegen,not_seen,0,,,0,0,0,0,0,0,not_seen,0
es_property_editors/repeaterExpressionEditor,es_property_editors,False,,,False,0,0,passed,codegen,not_seen,0,,,0,0,0,0,0,0,not_seen,0
es_property_editors/repeaterLayoutPicker,es_property_editors,False,,,False,0,0,passed,codegen,not_seen,0,,,0,0,0,0,0,0,not_seen,0
es_property_editors/sectionLayoutEditor,es_property_editors,False,,,False,0,0,passed,codegen,not_seen,0,,,0,0,0,0,0,0,not_seen,0
experience/ui/gen/canvas/agentPanel,experience,True,False,Experience Cloud site,False,0,0,passed,codegen,not_seen,0,,,0,0,0,0,0,0,not_seen,0
experience/ui/gen/canvas/analysisResult,experience,False,,,False,0,0,passed,codegen,not_seen,0,,,0,0,0,0,0,0,not_seen,0
experience/ui/gen/canvas/assistantTemplates,experience,False,,,False,0,0,passed,codegen,not_seen,0,,,0,0,0,0,0,0,not_seen,0
experience/ui/gen/canvas/canvasHome,experience,True,False,Experience Cloud site,False,0,0,passed,codegen,not_seen,0,,,0,0,0,0,0,0,not_seen,0
experience/ui/gen/canvas/canvasItems,experience,False,,,False,0,0,passed,codegen,not_seen,0,,,0,0,0,0,0,0,not_seen,0
experience/ui/gen/canvas/canvasRecap,experience,False,,,False,0,0,passed,codegen,not_seen,0,,,0,0,0,0,0,0,not_seen,0
experience/ui/gen/canvas/chatMessage,experience,False,,,False,0,0,passed,codegen,not_seen,0,,,0,0,0,0,0,0,not_seen,0
experience/ui/gen/canvas/contentRenderer,experience,False,,,False,0,0,passed,codegen,not_seen,0,,,0,0,0,0,0,0,not_seen,0
experience/ui/gen/canvas/dynamicCanvas,experience,False,,,False,0,0,passed,codegen,not_seen,0,,,0,0,0,0,0,0,not_seen,0
experience/ui/gen/canvas/dynamicCanvasWrapper,experience,False,,,False,0,0,passed,codegen,not_seen,0,,,0,0,0,0,0,0,not_seen,0
experience/ui/gen/canvas/dynamicContent,experience,False,,,False,0,0,passed,codegen,not_seen,0,,,0,0,0,0,0,0,not_seen,0
experience/ui/gen/canvas/dynamicMarkdown,experience,False,,,False,0,0,passed,codegen,not_seen,0,,,0,0,0,0,0,0,not_seen,0
experience/ui/gen/canvas/dynamicTable,experience,False,,,False,0,0,passed,codegen,not_seen,0,,,0,0,0,0,0,0,not_seen,0
experience/ui/gen/canvas/enableGenCanvas,experience,True,False,Experience Cloud site,False,0,0,passed,codegen,not_seen,0,,,0,0,0,0,0,0,not_seen,0
experience/ui/gen/canvas/entitySelectorModal,experience,False,,,False,0,0,passed,codegen,not_seen,0,,,0,0,0,0,0,0,not_seen,0
experience/ui/gen/canvas/genCanvasFormattedNumber,experience,False,,,False,0,0,passed,codegen,not_seen,0,,,0,0,0,0,0,0,not_seen,0
experience/ui/gen/canvas/genUi,experience,True,False,Experience Cloud site,False,0,0,passed,codegen,not_seen,0,,,0,0,0,0,0,0,not_seen,0
experience/ui/gen/canvas/genUiFooter,experience,False,,,False,0,0,passed,codegen,not_seen,0,,,0,0,0,0,0,0,not_seen,0
experience/ui/gen/canvas/generativeSection,experience,True,False,Experience Cloud site,False,0,0,passed,codegen,not_seen,0,,,0,0,0,0,0,0,not_seen,0
experience/ui/gen/canvas/inputSettingsModal,experience,False,,,False,0,0,passed,codegen,not_seen,0,,,0,0,0,0,0,0,not_seen,0
experience/ui/gen/canvas/landingPage,experience,True,False,Experience Cloud site,False,0,0,passed,codegen,not_seen,0,,,0,0,0,0,0,0,not_seen,0
experience/ui/gen/canvas/launchTile,experience,False,,,False,0,0,passed,codegen,not_seen,0,,,0,0,0,0,0,0,not_seen,0
experience/ui/gen/canvas/llmSettingsModal,experience,False,,,False,0,0,passed,codegen,not_seen,0,,,0,0,0,0,0,0,not_seen,0
experience/ui/gen/canvas/loadingTile,experience,False,,,False,0,0,passed,codegen,not_seen,0,,,0,0,0,0,0,0,not_seen,0
experience/ui/gen/canvas/modal,experience,False,,,False,0,0,passed,codegen,not_seen,0,,,0,0,0,0,0,0,not_seen,0
experience/ui/gen/canvas/promptBar,experience,False,,,False,0,0,passed,codegen,not_seen,0,,,0,0,0,0,0,0,not_seen,0
experience/ui/gen/canvas/queryAccordion,experience,False,,,False,0,0,passed,codegen,not_seen,0,,,0,0,0,0,0,0,not_seen,0
experience/ui/gen/canvas/recommendationItems,experience,False,,,False,0,0,passed,codegen,not_seen,0,,,0,0,0,0,0,0,not_seen,0
experience/ui/gen/canvas/resultCard,experience,False,,,False,0,0,passed,codegen,not_seen,0,,,0,0,0,0,0,0,not_seen,0
experience/ui/gen/canvas/setupGenCanvas,experience,True,True,,False,0,0,passed,codegen,not_seen,0,,,0,0,0,0,0,0,not_seen,0
experience/ui/gen/canvas/tileCases,experience,False,,,False,0,0,passed,codegen,not_seen,0,,,0,0,0,0,0,0,not_seen,0
experience/ui/gen/canvas/tileCopilotAction,experience,False,,,False,0,0,passed,codegen,not_seen,0,,,0,0,0,0,0,0,not_seen,0
experience/ui/gen/canvas/tileDynamicMarkdown,experience,False,,,False,0,0,passed,codegen,not_seen,0,,,0,0,0,0,0,0,not_seen,0
experience/ui/gen/canvas/tileDynamicTable,experience,False,,,False,0,0,passed,codegen,not_seen,0,,,0,0,0,0,0,0,not_seen,0
experience/ui/gen/canvas/tileMeetingGoals,experience,False,,,False,0,0,passed,codegen,not_seen,0,,,0,0,0,0,0,0,not_seen,0
experience/ui/gen/canvas/tileMeetingGoalsV2,experience,False,,,False,0,0,passed,codegen,not_seen,0,,,0,0,0,0,0,0,not_seen,0
experience/ui/gen/canvas/tileOpportunityAnalysis,experience,False,,,False,0,0,passed,codegen,not_seen,0,,,0,0,0,0,0,0,not_seen,0
experience/ui/gen/canvas/tileOpportunityAnalysisV2,experience,False,,,False,0,0,passed,codegen,not_seen,0,,,0,0,0,0,0,0,not_seen,0
experience/ui/gen/canvas/tileRecap,experience,False,,,False,0,0,passed,codegen,not_seen,0,,,0,0,0,0,0,0,not_seen,0
experience/ui/gen/canvas/tileSetupCanvasHeader,experience,False,,,False,0,0,passed,codegen,not_seen,0,,,0,0,0,0,0,0,not_seen,0
experience/ui/gen/canvas/tileStakeholders,experience,False,,,False,0,0,passed,codegen,not_seen,0,,,0,0,0,0,0,0,not_seen,0
experience/ui/gen/canvas/tileStakeholdersV2,experience,False,,,False,0,0,passed,codegen,not_seen,0,,,0,0,0,0,0,0,not_seen,0
feeds/assistant/assistantPanelContext,feeds,False,,,False,0,0,passed,codegen,not_seen,0,,,0,0,0,0,0,0,not_seen,0
feeds/assistant/assistantPanelHomeView,feeds,False,,,False,0,0,passed,codegen,not_seen,0,,,0,0,0,0,0,0,not_seen,0
feeds/assistant/basePanelBroker,feeds,False,,,False,0,0,passed,codegen,not_seen,0,,,0,0,0,0,0,0,not_seen,0
feeds/assistant/einsteinAssistant,feeds,False,,,False,0,0,passed,codegen,not_seen,0,,,0,0,0,0,0,0,not_seen,0
feeds/assistant/einsteinAssistantBroker,feeds,False,,,False,0,0,passed,codegen,not_seen,0,,,0,0,0,0,0,0,not_seen,0
feeds/chat/assistantPanel,feeds,False,,,False,0,0,passed,codegen,not_seen,0,,,0,0,0,0,0,0,not_seen,0
feeds/chat/baseAvatar,feeds,False,,,False,0,0,passed,codegen,not_seen,0,,,0,0,0,0,0,0,not_seen,0
feeds/chat/baseButton,feeds,False,,,False,0,0,passed,codegen,not_seen,0,,,0,0,0,0,0,0,not_seen,0
feeds/chat/baseButtonComplete,feeds,False,,,False,0,0,passed,codegen,not_seen,0,,,0,0,0,0,0,0,not_seen,0
feeds/chat/baseButtonGroup,feeds,False,,,False,0,0,passed,codegen,not_seen,0,,,0,0,0,0,0,0,not_seen,0
feeds/chat/baseButtonIcon,feeds,False,,,False,0,0,passed,codegen,not_seen,0,,,0,0,0,0,0,0,not_seen,0
feeds/chat/baseButtonStateful,feeds,False,,,False,0,0,passed,codegen,not_seen,0,,,0,0,0,0,0,0,not_seen,0
feeds/chat/baseCard,feeds,False,,,False,0,0,passed,codegen,not_seen,0,,,0,0,0,0,0,0,not_seen,0
feeds/chat/baseDisclaimer,feeds,False,,,False,0,0,passed,codegen,not_seen,0,,,0,0,0,0,0,0,not_seen,0
feeds/chat/baseHelptext,feeds,False,,,False,0,0,passed,codegen,not_seen,0,,,0,0,0,0,0,0,not_seen,0
feeds/chat/baseIcon,feeds,False,,,False,0,0,passed,codegen,not_seen,0,,,0,0,0,0,0,0,not_seen,0
feeds/chat/basePopoverContainer,feeds,False,,,False,0,0,passed,codegen,not_seen,0,,,0,0,0,0,0,0,not_seen,0
feeds/chat/baseRenderer,feeds,False,,,False,0,0,passed,codegen,not_seen,0,,,0,0,0,0,0,0,not_seen,0
feeds/chat/baseTooltipButton,feeds,False,,,False,0,0,passed,codegen,not_seen,0,,,0,0,0,0,0,0,not_seen,0
feeds/chat/bundle_act_copilotRecordList,feeds,False,,,False,0,0,passed,codegen,not_seen,0,,,0,0,0,0,0,0,not_seen,0
feeds/chat/bundle_act_copilotRecordList_generatedTemplates,feeds,False,,,False,0,0,passed,codegen,not_seen,0,,,0,0,0,0,0,0,not_seen,0
feeds/chat/common,feeds,False,,,False,0,0,passed,codegen,not_seen,0,,,0,0,0,0,0,0,not_seen,0
feeds/chat/copilotDisclaimer,feeds,False,,,False,0,0,passed,codegen,not_seen,0,,,0,0,0,0,0,0,not_seen,0
feeds/chat/copilotMessagePill,feeds,False,,,False,0,0,passed,codegen,not_seen,0,,,0,0,0,0,0,0,not_seen,0
feeds/chat/dynamicLibrary,feeds,False,,,False,0,0,passed,codegen,not_seen,0,,,0,0,0,0,0,0,not_seen,0
feeds/chat/dynamicMessage,feeds,False,,,False,0,0,passed,codegen,not_seen,0,,,0,0,0,0,0,0,not_seen,0
feeds/chat/feedbackTooltip,feeds,False,,,False,0,0,passed,codegen,not_seen,0,,,0,0,0,0,0,0,not_seen,0
feeds/chat/header,feeds,False,,,False,0,0,passed,codegen,not_seen,0,,,0,0,0,0,0,0,not_seen,0
feeds/chat/inputDateTimeString,feeds,False,,,False,0,0,passed,codegen,not_seen,0,,,0,0,0,0,0,0,not_seen,0
feeds/chat/inputNumber,feeds,False,,,False,0,0,passed,codegen,not_seen,0,,,0,0,0,0,0,0,not_seen,0
feeds/chat/inputTime,feeds,False,,,False,0,0,passed,codegen,not_seen,0,,,0,0,0,0,0,0,not_seen,0
feeds/chat/messageA11y,feeds,False,,,False,0,0,passed,codegen,not_seen,0,,,0,0,0,0,0,0,not_seen,0
feeds/chat/messageActionable,feeds,False,,,False,0,0,passed,codegen,not_seen,0,,,0,0,0,0,0,0,not_seen,0
feeds/chat/messageBlock,feeds,False,,,False,0,0,passed,codegen,not_seen,0,,,0,0,0,0,0,0,not_seen,0
feeds/chat/messageContext,feeds,False,,,False,0,0,passed,codegen,not_seen,0,,,0,0,0,0,0,0,not_seen,0
feeds/chat/messageDisabler,feeds,False,,,False,0,0,passed,codegen,not_seen,0,,,0,0,0,0,0,0,not_seen,0
feeds/chat/messageError,feeds,False,,,False,0,0,passed,codegen,not_seen,0,,,0,0,0,0,0,0,not_seen,0
feeds/chat/messageLayout,feeds,False,,,False,0,0,passed,codegen,not_seen,0,,,0,0,0,0,0,0,not_seen,0
feeds/chat/messageLibrary,feeds,False,,,False,0,0,passed,codegen,not_seen,0,,,0,0,0,0,0,0,not_seen,0
feeds/chat/messageResolver,feeds,False,,,False,0,0,passed,codegen,not_seen,0,,,0,0,0,0,0,0,not_seen,0
feeds/chat/messageStateful,feeds,False,,,False,0,0,passed,codegen,not_seen,0,,,0,0,0,0,0,0,not_seen,0
feeds/chat/messageStatus,feeds,False,,,False,0,0,passed,codegen,not_seen,0,,,0,0,0,0,0,0,not_seen,0
feeds/chat/messageText,feeds,False,,,False,0,0,passed,codegen,not_seen,0,,,0,0,0,0,0,0,not_seen,0
feeds/chat/messageWaiting,feeds,False,,,False,0,0,passed,codegen,not_seen,0,,,0,0,0,0,0,0,not_seen,0
feeds/chat/outputDateTimeString,feeds,False,,,False,0,0,passed,codegen,not_seen,0,,,0,0,0,0,0,0,not_seen,0
feeds/chat/outputEmail,feeds,False,,,False,0,0,passed,codegen,not_seen,0,,,0,0,0,0,0,0,not_seen,0
feeds/chat/outputText,feeds,False,,,False,0,0,passed,codegen,not_seen,0,,,0,0,0,0,0,0,not_seen,0
feeds/chat/outputTime,feeds,False,,,False,0,0,passed,codegen,not_seen,0,,,0,0,0,0,0,0,not_seen,0
feeds/chat/primitiveTypePicklist,feeds,False,,,False,0,0,passed,codegen,not_seen,0,,,0,0,0,0,0,0,not_seen,0
feeds/chat/recordPicklist,feeds,False,,,False,0,0,passed,codegen,not_seen,0,,,0,0,0,0,0,0,not_seen,0
feeds/chat/recordTable,feeds,False,,,False,0,0,passed,codegen,not_seen,0,,,0,0,0,0,0,0,not_seen,0
feeds/chat/selectSingleDateAndDateTimeString,feeds,False,,,False,0,0,passed,codegen,not_seen,0,,,0,0,0,0,0,0,not_seen,0
feeds/chat/selectSingleIntegerAndNumber,feeds,False,,,False,0,0,passed,codegen,not_seen,0,,,0,0,0,0,0,0,not_seen,0
feeds/chat/selectSingleRecordId,feeds,False,,,False,0,0,passed,codegen,not_seen,0,,,0,0,0,0,0,0,not_seen,0
feeds/chat/selectSingleRecordInfo,feeds,False,,,False,0,0,passed,codegen,not_seen,0,,,0,0,0,0,0,0,not_seen,0
feeds/chat/selectSingleText,feeds,False,,,False,0,0,passed,codegen,not_seen,0,,,0,0,0,0,0,0,not_seen,0
feeds/chat/selectSingleTime,feeds,False,,,False,0,0,passed,codegen,not_seen,0,,,0,0,0,0,0,0,not_seen,0
feeds/chat/statusTyping,feeds,False,,,False,0,0,passed,codegen,not_seen,0,,,0,0,0,0,0,0,not_seen,0
feeds/chat/typesLibrary,feeds,False,,,False,0,0,passed,codegen,not_seen,0,,,0,0,0,0,0,0,not_seen,0
feeds/chat/userAvatar,feeds,False,,,False,0,0,passed,codegen,not_seen,0,,,0,0,0,0,0,0,not_seen,0
feeds/chat/viewActionButton,feeds,False,,,False,0,0,passed,codegen,not_seen,0,,,0,0,0,0,0,0,not_seen,0
feeds/chat/viewActionLayout,feeds,False,,,False,0,0,passed,codegen,not_seen,0,,,0,0,0,0,0,0,not_seen,0
feeds/chat/viewActionLink,feeds,False,,,False,0,0,passed,codegen,not_seen,0,,,0,0,0,0,0,0,not_seen,0
feeds/chat/viewComponent,feeds,False,,,False,0,0,passed,codegen,not_seen,0,,,0,0,0,0,0,0,not_seen,0
feeds/chat/viewRecordForm,feeds,False,,,False,0,0,passed,codegen,not_seen,0,,,0,0,0,0,0,0,not_seen,0
feeds/chat/viewRecordId,feeds,False,,,False,0,0,passed,codegen,not_seen,0,,,0,0,0,0,0,0,not_seen,0
feeds/chat/viewRecordLibrary,feeds,False,,,False,0,0,passed,codegen,not_seen,0,,,0,0,0,0,0,0,not_seen,0
feeds/chat/viewRecordList,feeds,False,,,False,0,0,passed,codegen,not_seen,0,,,0,0,0,0,0,0,not_seen,0
feeds/chat/viewRecordListInternal,feeds,False,,,False,0,0,passed,codegen,not_seen,0,,,0,0,0,0,0,0,not_seen,0
feeds/chat/viewVerticalLayout,feeds,False,,,False,0,0,passed,codegen,not_seen,0,,,0,0,0,0,0,0,not_seen,0
flexipage/auraWrapper,flexipage,False,,,False,0,0,passed,codegen,not_seen,0,,,0,0,0,0,0,0,not_seen,0
flexipage/baseRecordHomeTemplateDesktop,flexipage,True,True,,True,1,1,passed,codegen,not_seen,0,,,0,0,0,0,0,0,not_seen,0
flexipage/cardPage,flexipage,False,,,False,0,0,passed,codegen,not_seen,0,,,0,0,0,0,0,0,not_seen,0
flexipage/column2,flexipage,False,,,False,0,0,passed,codegen,not_seen,0,,,0,0,0,0,0,0,not_seen,0
flexipage/component,flexipage,False,,,False,0,0,passed,codegen,not_seen,0,,,0,0,0,0,0,0,not_seen,0
flexipage/component2,flexipage,False,,,False,0,0,passed,codegen,not_seen,0,,,0,0,0,0,0,0,not_seen,0
flexipage/field,flexipage,False,,,False,0,0,passed,codegen,not_seen,0,,,0,0,0,0,0,0,not_seen,0
flexipage/fieldSection2,flexipage,False,,,False,0,0,passed,codegen,not_seen,0,,,0,0,0,0,0,0,not_seen,0
flexipage/page,flexipage,False,,,False,0,0,passed,codegen,not_seen,0,,,0,0,0,0,0,0,not_seen,0
flexipage/recordHomeLeftSidebarTemplateDesktop2,flexipage,False,,,False,0,0,passed,codegen,not_seen,0,,,0,0,0,0,0,0,not_seen,0
flexipage/recordHomeSingleColNoHeaderTemplateDesktop2,flexipage,False,,,False,0,0,passed,codegen,not_seen,0,,,0,0,0,0,0,0,not_seen,0
flexipage/recordHomeSingleColTemplateDesktop2,flexipage,False,,,False,0,0,passed,codegen,not_seen,0,,,0,0,0,0,0,0,not_seen,0
flexipage/recordHomeTemplateDesktop2,flexipage,False,,,False,0,0,passed,codegen,not_seen,0,,,0,0,0,0,0,0,not_seen,0
flexipage/recordHomeThreeColHeaderTemplateDesktop2,flexipage,False,,,False,0,0,passed,codegen,not_seen,0,,,0,0,0,0,0,0,not_seen,0
flexipage/recordHomeThreeColTemplateDesktop2,flexipage,False,,,False,0,0,passed,codegen,not_seen,0,,,0,0,0,0,0,0,not_seen,0
flexipage/recordHomeTwoColEqualHeaderTemplateDesktop2,flexipage,False,,,False,0,0,passed,codegen,not_seen,0,,,0,0,0,0,0,0,not_seen,0
flexipage/recordHomeWithSubheaderLeftSidebarTemplateDesktop2,flexipage,False,,,False,0,0,passed,codegen,not_seen,0,,,0,0,0,0,0,0,not_seen,0
flexipage/recordHomeWithSubheaderTemplateDesktop2,flexipage,False,,,False,0,0,passed,codegen,not_seen,0,,,0,0,0,0,0,0,not_seen,0
flexipage/tab2,flexipage,False,,,False,0,0,passed,codegen,not_seen,0,,,0,0,0,0,0,0,not_seen,0
flexipage/tabSet,flexipage,False,,,False,0,0,passed,codegen,not_seen,0,,,0,0,0,0,0,0,not_seen,0
flexipage/tabset2,flexipage,False,,,False,0,0,passed,codegen,not_seen,0,,,0,0,0,0,0,0,not_seen,0
flow/designtime/fieldInput,flow,False,,,False,0,0,passed,codegen,not_seen,0,,,0,0,0,0,0,0,not_seen,0
flow/designtime/panelHeader,flow,False,,,False,0,0,passed,codegen,not_seen,0,,,0,0,0,0,0,0,not_seen,0
flow/designtime/rightPanel,flow,False,,,False,0,0,passed,codegen,not_seen,0,,,0,0,0,0,0,0,not_seen,0
flow/designtime/rightPanelOverlay,flow,False,,,False,0,0,passed,codegen,not_seen,0,,,0,0,0,0,0,0,not_seen,0
force/actionButton,force,False,,,False,0,0,passed,codegen,not_seen,0,,,0,0,0,0,0,0,not_seen,0
force/actionLink,force,False,,,False,0,0,passed,codegen,not_seen,0,,,0,0,0,0,0,0,not_seen,0
force/actionsContainer,force,False,,,False,0,0,passed,codegen,not_seen,0,,,0,0,0,0,0,0,not_seen,0
force/actionsDropDownMenuList,force,True,True,,True,1,1,passed,codegen,not_seen,0,,,0,0,0,0,0,0,not_seen,0
force/alohaPage,force,True,True,,True,1,0,passed,codegen,not_seen,0,,,0,0,0,0,0,0,not_seen,0
force/asyncCarousel,force,False,,,False,0,0,passed,codegen,not_seen,0,,,0,0,0,0,0,0,not_seen,0
force/auraActionWrapper,force,False,,,False,0,0,passed,codegen,not_seen,0,,,0,0,0,0,0,0,not_seen,0
force/baseHome,force,True,True,,True,4,0,passed,codegen,not_seen,0,,,0,0,0,0,0,0,not_seen,0
force/buttonGroup,force,False,,,False,0,0,passed,codegen,not_seen,0,,,0,0,0,0,0,0,not_seen,0
force/calendar,force,True,True,,True,2,0,passed,codegen,not_seen,0,,,0,0,0,0,0,0,not_seen,0
force/calendarDay,force,False,,,False,0,0,passed,codegen,not_seen,0,,,0,0,0,0,0,0,not_seen,0
force/calendarDayWeekView,force,False,,,False,0,0,passed,codegen,not_seen,0,,,0,0,0,0,0,0,not_seen,0
force/calendarHeader,force,False,,,False,0,0,passed,codegen,not_seen,0,,,0,0,0,0,0,0,not_seen,0
force/changeOwnerContent,force,False,,,False,0,0,passed,codegen,not_seen,0,,,0,0,0,0,0,0,not_seen,0
force/changeRecordType,force,True,True,,True,12,2,passed,codegen,not_seen,0,,,0,0,0,0,0,0,not_seen,0
force/changeRecordTypeFooter,force,False,,,False,0,0,passed,codegen,not_seen,0,,,0,0,0,0,0,0,not_seen,0
force/dedupeContent,force,False,,,False,0,0,passed,codegen,not_seen,0,,,0,0,0,0,0,0,not_seen,0
force/dependentFieldDataPrimer,force,True,True,,True,0,0,passed,codegen,not_seen,0,,,0,0,0,0,0,0,not_seen,0
force/detailPanelDesktop,force,True,True,,True,2,0,passed,codegen,not_seen,0,,,0,0,0,0,0,0,not_seen,0
force/detailPanelMobile,force,False,,,False,0,0,passed,codegen,not_seen,0,,,0,0,0,0,0,0,not_seen,0
force/dockingPanel,force,False,,,False,0,0,passed,codegen,not_seen,0,,,0,0,0,0,0,0,not_seen,0
force/dockingPanelOverflow,force,True,True,,True,4,1,passed,codegen,not_seen,0,,,0,0,0,0,0,0,not_seen,0
force/entityShare,force,False,,,False,0,0,passed,codegen,not_seen,0,,,0,0,0,0,0,0,not_seen,0
force/entitySharePicklist,force,False,,,False,0,0,passed,codegen,not_seen,0,,,0,0,0,0,0,0,not_seen,0
force/forceListViewManagerDisplaySwitcher,force,False,,,False,0,0,passed,codegen,not_seen,0,,,0,0,0,0,0,0,not_seen,0
force/forceSplitViewListSelectableRecord,force,True,True,,True,2,2,passed,codegen,not_seen,0,,,0,0,0,0,0,0,not_seen,0
force/highlightsMobileListRecordItem,force,False,,,False,0,0,passed,codegen,not_seen,0,,,0,0,0,0,0,0,not_seen,0
force/highlightsPanel,force,False,,,False,0,0,passed,codegen,not_seen,0,,,0,0,0,0,0,0,not_seen,0
force/highlightsStencilDesktop,force,True,True,,True,2,0,passed,codegen,not_seen,0,,,0,0,0,0,0,0,not_seen,0
force/inlineEdit,force,False,,,False,0,0,passed,codegen,not_seen,0,,,0,0,0,0,0,0,not_seen,0
force/inlineEditGrid,force,False,,,False,0,0,passed,codegen,not_seen,0,,,0,0,0,0,0,0,not_seen,0
force/inputPicklist,force,False,,,False,0,0,passed,codegen,not_seen,0,,,0,0,0,0,0,0,not_seen,0
force/listRecord,force,False,,,False,0,0,passed,codegen,not_seen,0,,,0,0,0,0,0,0,not_seen,0
force/listViewManager,force,False,,,False,0,0,passed,codegen,not_seen,0,,,0,0,0,0,0,0,not_seen,0
force/listViewManagerButtonBar,force,False,,,False,0,0,passed,codegen,not_seen,0,,,0,0,0,0,0,0,not_seen,0
force/listViewManagerGrid,force,False,,,False,0,0,passed,codegen,not_seen,0,,,0,0,0,0,0,0,not_seen,0
force/listViewManagerHeader,force,False,,,False,0,0,passed,codegen,not_seen,0,,,0,0,0,0,0,0,not_seen,0
force/listViewManagerPrimaryDisplayManager,force,False,,,False,0,0,passed,codegen,not_seen,0,,,0,0,0,0,0,0,not_seen,0
force/listViewManagerSearchBar,force,False,,,False,0,0,passed,codegen,not_seen,0,,,0,0,0,0,0,0,not_seen,0
force/listViewManagerStatusInfo,force,False,,,False,0,0,passed,codegen,not_seen,0,,,0,0,0,0,0,0,not_seen,0
force/lookup,force,False,,,False,0,0,passed,codegen,not_seen,0,,,0,0,0,0,0,0,not_seen,0
force/mobileCustomQuickAction,force,True,True,,True,3,0,passed,codegen,not_seen,0,,,0,0,0,0,0,0,not_seen,0
force/modalActionContainer,force,True,True,,True,1,1,passed,codegen,not_seen,0,,,0,0,0,0,0,0,not_seen,0
force/multiAdd,force,True,True,,True,6,1,passed,codegen,not_seen,0,,,0,0,0,0,0,0,not_seen,0
force/multiAddSearch,force,False,,,False,0,0,passed,codegen,not_seen,0,,,0,0,0,0,0,0,not_seen,0
force/multiEdit,force,True,True,,True,12,2,passed,codegen,not_seen,0,,,0,0,0,0,0,0,not_seen,0
force/objectHome,force,True,True,,True,1,0,passed,codegen,not_seen,0,,,0,0,0,0,0,0,not_seen,0
force/objectHomeDesktop,force,True,True,,True,1,0,passed,codegen,not_seen,0,,,0,0,0,0,0,0,not_seen,0
force/outputLookup,force,False,,,False,0,0,passed,codegen,not_seen,0,,,0,0,0,0,0,0,not_seen,0
force/ownerLookup,force,False,,,False,0,0,passed,codegen,not_seen,0,,,0,0,0,0,0,0,not_seen,0
force/pageBlockItem,force,False,,,False,0,0,passed,codegen,not_seen,0,,,0,0,0,0,0,0,not_seen,0
force/pageBlockItemEdit,force,False,,,False,0,0,passed,codegen,not_seen,0,,,0,0,0,0,0,0,not_seen,0
force/pageBlockItemView,force,False,,,False,0,0,passed,codegen,not_seen,0,,,0,0,0,0,0,0,not_seen,0
force/pageBlockSectionEdit,force,False,,,False,0,0,passed,codegen,not_seen,0,,,0,0,0,0,0,0,not_seen,0
force/pageBlockSectionView,force,False,,,False,0,0,passed,codegen,not_seen,0,,,0,0,0,0,0,0,not_seen,0
force/pageError,force,False,,,False,0,0,passed,codegen,not_seen,0,,,0,0,0,0,0,0,not_seen,0
force/recordAvatar,force,False,,,False,0,0,passed,codegen,not_seen,0,,,0,0,0,0,0,0,not_seen,0
force/recordEditActions,force,False,,,False,0,0,passed,codegen,not_seen,0,,,0,0,0,0,0,0,not_seen,0
force/recordLayout,force,False,,,False,0,0,passed,codegen,not_seen,0,,,0,0,0,0,0,0,not_seen,0
force/relatedCardContainer,force,False,,,False,0,0,passed,codegen,not_seen,0,,,0,0,0,0,0,0,not_seen,0
force/relatedListCard,force,False,,,False,0,0,passed,codegen,not_seen,0,,,0,0,0,0,0,0,not_seen,0
force/relatedListDesktop,force,True,True,,True,1,0,passed,codegen,not_seen,0,,,0,0,0,0,0,0,not_seen,0
force/selectableListViewHeader,force,False,,,False,0,0,passed,codegen,not_seen,0,,,0,0,0,0,0,0,not_seen,0
force/stackedTab2,force,False,,,False,0,0,passed,codegen,not_seen,0,,,0,0,0,0,0,0,not_seen,0
force/stackedTabSet2,force,False,,,False,0,0,passed,codegen,not_seen,0,,,0,0,0,0,0,0,not_seen,0
force/statusIconSummary,force,False,,,False,0,0,passed,codegen,not_seen,0,,,0,0,0,0,0,0,not_seen,0
force/toastMessage,force,True,True,,True,2,0,passed,codegen,not_seen,0,,,0,0,0,0,0,0,not_seen,0
force/virtualAction,force,False,,,False,0,0,passed,codegen,not_seen,0,,,0,0,0,0,0,0,not_seen,0
force/virtualCheckbox,force,False,,,False,0,0,passed,codegen,not_seen,0,,,0,0,0,0,0,0,not_seen,0
forcesearch/inputLookupDesktop,forcesearch,True,True,,True,4,1,passed,codegen,not_seen,0,,,0,0,0,0,0,0,not_seen,0
forcesearch/inputLookupDesktopOption,forcesearch,True,True,,True,2,0,passed,codegen,not_seen,0,,,0,0,0,0,0,0,not_seen,0
forcesearch/nlsPredictedResults,forcesearch,True,True,,True,1,0,passed,codegen,not_seen,0,,,0,0,0,0,0,0,not_seen,0
global/actionsDropDown,global,False,,,False,0,0,passed,codegen,not_seen,0,,,0,0,0,0,0,0,not_seen,0
global/appLauncherAppTile,global,False,,,False,0,0,passed,codegen,not_seen,0,,,0,0,0,0,0,0,not_seen,0
global/appLauncherHeader,global,False,,,False,0,0,passed,codegen,not_seen,0,,,0,0,0,0,0,0,not_seen,0
global/appLauncherMenu,global,True,True,,True,3,0,passed,codegen,not_seen,0,,,0,0,0,0,0,0,not_seen,0
global/appLauncherMenuItem,global,False,,,False,0,0,passed,codegen,not_seen,0,,,0,0,0,0,0,0,not_seen,0
global/appLauncherModal,global,True,True,,True,1,0,passed,codegen,not_seen,0,,,0,0,0,0,0,0,not_seen,0
global/appLauncherSearchBar,global,False,,,False,0,0,passed,codegen,not_seen,0,,,0,0,0,0,0,0,not_seen,0
global/appNav,global,False,,,False,0,0,passed,codegen,not_seen,0,,,0,0,0,0,0,0,not_seen,0
global/appNavBar,global,False,,,False,0,0,passed,codegen,not_seen,0,,,0,0,0,0,0,0,not_seen,0
global/appNavBarItemDropdown,global,False,,,False,0,0,passed,codegen,not_seen,0,,,0,0,0,0,0,0,not_seen,0
global/appNavBarItemRoot,global,False,,,False,0,0,passed,codegen,not_seen,0,,,0,0,0,0,0,0,not_seen,0
global/appNavBarMenuButton,global,False,,,False,0,0,passed,codegen,not_seen,0,,,0,0,0,0,0,0,not_seen,0
global/appNavBarMenuItem,global,False,,,False,0,0,passed,codegen,not_seen,0,,,0,0,0,0,0,0,not_seen,0
global/applicationError,global,False,,,False,0,0,passed,codegen,not_seen,0,,,0,0,0,0,0,0,not_seen,0
global/consoleObjectHome,global,True,True,,True,1,0,passed,codegen,not_seen,0,,,0,0,0,0,0,0,not_seen,0
global/errorConsole,global,True,True,,True,14,0,passed,codegen,not_seen,0,,,0,0,0,0,0,0,not_seen,0
global/floatingPanelContentLayout,global,False,,,False,0,0,passed,codegen,not_seen,0,,,0,0,0,0,0,0,not_seen,0
global/gackGeneratorTestUtil,global,True,True,,True,4,0,passed,codegen,not_seen,0,,,0,0,0,0,0,0,not_seen,0
global/globalCreate,global,True,True,,True,2,1,passed,codegen,passed,4,"cdp,webdriver","console,home",4,0,0,8,0,0,not_seen,0
global/header,global,True,True,,True,17,1,passed,codegen,passed,8,"cdp,webdriver","account_detail,console,home,setup",56,0,16,112,0,32,skipped,2
global/learningAssignmentView,global,False,,,False,0,0,passed,codegen,not_seen,0,,,0,0,0,0,0,0,not_seen,0
global/recordActionWrapper,global,True,True,,True,14,1,passed,codegen,not_seen,0,,,0,0,0,0,0,0,not_seen,0
global/recordHomeFlexipage2,global,True,True,,True,3,0,passed,codegen,not_seen,0,,,0,0,0,0,0,0,not_seen,0
global/recordHomeTemplateDesktop,global,True,True,,True,3,0,passed,codegen,not_seen,0,,,0,0,0,0,0,0,not_seen,0
global/recordHomeWithSubheaderTemplateDesktop,global,True,True,,True,3,0,passed,codegen,not_seen,0,,,0,0,0,0,0,0,not_seen,0
global/stageLeft,global,True,True,,True,2,2,passed,codegen,not_seen,0,,,0,0,0,0,0,0,not_seen,0
global/systemMessage,global,False,,,False,0,0,passed,codegen,not_seen,0,,,0,0,0,0,0,0,not_seen,0
global/userProfileCard,global,False,,,False,0,0,passed,codegen,not_seen,0,,,0,0,0,0,0,0,not_seen,0
global/userProfileCardTrigger,global,False,,,False,0,0,passed,codegen,not_seen,0,,,0,0,0,0,0,0,not_seen,0
global/utilityBarContainer,global,True,True,,True,5,2,passed,codegen,passed,6,"cdp,webdriver","account_detail,console,home",0,0,0,12,0,12,not_seen,0
helpers/login,helpers,True,True,,True,5,2,passed,codegen,not_seen,0,,,0,0,0,0,0,0,not_seen,0
industries_common/entityPicker,industries_common,False,,,False,0,0,passed,codegen,not_seen,0,,,0,0,0,0,0,0,not_seen,0
knowledge/editorArea,knowledge,True,True,,True,2,0,passed,codegen,not_seen,0,,,0,0,0,0,0,0,not_seen,0
lightning/accordion,lightning,True,True,,True,2,1,passed,codegen,not_seen,0,,,0,0,0,0,0,0,not_seen,0
lightning/accordionSection,lightning,False,,,False,0,0,passed,codegen,not_seen,0,,,0,0,0,0,0,0,not_seen,0
lightning/aiFormControl,lightning,False,,,False,0,0,passed,codegen,not_seen,0,,,0,0,0,0,0,0,not_seen,0
lightning/aiLayout,lightning,False,,,False,0,0,passed,codegen,not_seen,0,,,0,0,0,0,0,0,not_seen,0
lightning/alert,lightning,True,True,,True,8,0,passed,codegen,not_seen,0,,,0,0,0,0,0,0,not_seen,0
lightning/avatar,lightning,False,,,False,0,0,passed,codegen,not_seen,0,,,0,0,0,0,0,0,not_seen,0
lightning/badge,lightning,False,,,False,0,0,passed,codegen,not_seen,0,,,0,0,0,0,0,0,not_seen,0
lightning/baseCombobox,lightning,False,,,False,0,0,passed,codegen,not_seen,0,,,0,0,0,0,0,0,not_seen,0
lightning/baseComboboxItem,lightning,True,True,,True,9,1,passed,codegen,not_seen,0,,,0,0,0,0,0,0,not_seen,0
lightning/breadcrumb,lightning,False,,,False,0,0,passed,codegen,not_seen,0,,,0,0,0,0,0,0,not_seen,0
lightning/breadcrumbs,lightning,False,,,False,0,0,passed,codegen,not_seen,0,,,0,0,0,0,0,0,not_seen,0
lightning/button,lightning,True,True,,True,8,0,passed,codegen,not_seen,0,,,0,0,0,0,0,0,not_seen,0
lightning/buttonGroup,lightning,False,,,False,0,0,passed,codegen,not_seen,0,,,0,0,0,0,0,0,not_seen,0
lightning/buttonIcon,lightning,False,,,False,0,0,passed,codegen,not_seen,0,,,0,0,0,0,0,0,not_seen,0
lightning/buttonIconStateful,lightning,False,,,False,0,0,passed,codegen,not_seen,0,,,0,0,0,0,0,0,not_seen,0
lightning/buttonMenu,lightning,False,,,False,0,0,passed,codegen,not_seen,0,,,0,0,0,0,0,0,not_seen,0
lightning/buttonStateful,lightning,False,,,False,0,0,passed,codegen,not_seen,0,,,0,0,0,0,0,0,not_seen,0
lightning/calendar,lightning,False,,,False,0,0,passed,codegen,not_seen,0,,,0,0,0,0,0,0,not_seen,0
lightning/card,lightning,False,,,False,0,0,passed,codegen,not_seen,0,,,0,0,0,0,0,0,not_seen,0
lightning/carousel,lightning,False,,,False,0,0,passed,codegen,not_seen,0,,,0,0,0,0,0,0,not_seen,0
lightning/carouselImage,lightning,False,,,False,0,0,passed,codegen,not_seen,0,,,0,0,0,0,0,0,not_seen,0
lightning/checkboxGroup,lightning,False,,,False,0,0,passed,codegen,not_seen,0,,,0,0,0,0,0,0,not_seen,0
lightning/clickToDial,lightning,False,,,False,0,0,passed,codegen,not_seen,0,,,0,0,0,0,0,0,not_seen,0
lightning/combobox,lightning,False,,,False,0,0,passed,codegen,not_seen,0,,,0,0,0,0,0,0,not_seen,0
lightning/confirm,lightning,True,True,,True,10,0,passed,codegen,not_seen,0,,,0,0,0,0,0,0,not_seen,0
lightning/datatable,lightning,True,True,,True,112,83,passed,codegen,not_seen,0,,,0,0,0,0,0,0,not_seen,0
lightning/datepicker,lightning,False,,,False,0,0,passed,codegen,not_seen,0,,,0,0,0,0,0,0,not_seen,0
lightning/datetimepicker,lightning,False,,,False,0,0,passed,codegen,not_seen,0,,,0,0,0,0,0,0,not_seen,0
lightning/dialog,lightning,False,,,False,0,0,passed,codegen,not_seen,0,,,0,0,0,0,0,0,not_seen,0
lightning/dualListbox,lightning,False,,,False,0,0,passed,codegen,not_seen,0,,,0,0,0,0,0,0,not_seen,0
lightning/emptyState,lightning,False,,,False,0,0,passed,codegen,not_seen,0,,,0,0,0,0,0,0,not_seen,0
lightning/externalLink,lightning,False,,,False,0,0,passed,codegen,not_seen,0,,,0,0,0,0,0,0,not_seen,0
lightning/fileUpload,lightning,False,,,False,0,0,passed,codegen,not_seen,0,,,0,0,0,0,0,0,not_seen,0
lightning/focusTrap,lightning,True,True,,True,1,0,passed,codegen,not_seen,0,,,0,0,0,0,0,0,not_seen,0
lightning/form,lightning,False,,,False,0,0,passed,codegen,not_seen,0,,,0,0,0,0,0,0,not_seen,0
lightning/formCheckbox,lightning,False,,,False,0,0,passed,codegen,not_seen,0,,,0,0,0,0,0,0,not_seen,0
lightning/formField,lightning,False,,,False,0,0,passed,codegen,not_seen,0,,,0,0,0,0,0,0,not_seen,0
lightning/formFieldInput,lightning,False,,,False,0,0,passed,codegen,not_seen,0,,,0,0,0,0,0,0,not_seen,0
lightning/formFieldOutput,lightning,False,,,False,0,0,passed,codegen,not_seen,0,,,0,0,0,0,0,0,not_seen,0
lightning/formFooter,lightning,False,,,False,0,0,passed,codegen,not_seen,0,,,0,0,0,0,0,0,not_seen,0
lightning/formFormattedAddress,lightning,False,,,False,0,0,passed,codegen,not_seen,0,,,0,0,0,0,0,0,not_seen,0
lightning/formFormattedPicklist,lightning,False,,,False,0,0,passed,codegen,not_seen,0,,,0,0,0,0,0,0,not_seen,0
lightning/formInput,lightning,False,,,False,0,0,passed,codegen,not_seen,0,,,0,0,0,0,0,0,not_seen,0
lightning/formInputAddress,lightning,False,,,False,0,0,passed,codegen,not_seen,0,,,0,0,0,0,0,0,not_seen,0
lightning/formInputLocation,lightning,False,,,False,0,0,passed,codegen,not_seen,0,,,0,0,0,0,0,0,not_seen,0
lightning/formInputName,lightning,False,,,False,0,0,passed,codegen,not_seen,0,,,0,0,0,0,0,0,not_seen,0
lightning/formTextArea,lightning,False,,,False,0,0,passed,codegen,not_seen,0,,,0,0,0,0,0,0,not_seen,0
lightning/formattedAddress,lightning,False,,,False,0,0,passed,codegen,not_seen,0,,,0,0,0,0,0,0,not_seen,0
lightning/formattedDateTime,lightning,False,,,False,0,0,passed,codegen,not_seen,0,,,0,0,0,0,0,0,not_seen,0
lightning/formattedEmail,lightning,False,,,False,0,0,passed,codegen,not_seen,0,,,0,0,0,0,0,0,not_seen,0
lightning/formattedLocation,lightning,False,,,False,0,0,passed,codegen,not_seen,0,,,0,0,0,0,0,0,not_seen,0
lightning/formattedLookup,lightning,False,,,False,0,0,passed,codegen,not_seen,0,,,0,0,0,0,0,0,not_seen,0
lightning/formattedName,lightning,False,,,False,0,0,passed,codegen,not_seen,0,,,0,0,0,0,0,0,not_seen,0
lightning/formattedNumber,lightning,False,,,False,0,0,passed,codegen,not_seen,0,,,0,0,0,0,0,0,not_seen,0
lightning/formattedPhone,lightning,False,,,False,0,0,passed,codegen,not_seen,0,,,0,0,0,0,0,0,not_seen,0
lightning/formattedRichText,lightning,False,,,False,0,0,passed,codegen,not_seen,0,,,0,0,0,0,0,0,not_seen,0
lightning/formattedText,lightning,False,,,False,0,0,passed,codegen,not_seen,0,,,0,0,0,0,0,0,not_seen,0
lightning/formattedUrl,lightning,False,,,False,0,0,passed,codegen,not_seen,0,,,0,0,0,0,0,0,not_seen,0
lightning/groupedCombobox,lightning,False,,,False,0,0,passed,codegen,not_seen,0,,,0,0,0,0,0,0,not_seen,0
lightning/helptext,lightning,False,,,False,0,0,passed,codegen,not_seen,0,,,0,0,0,0,0,0,not_seen,0
lightning/icon,lightning,False,,,False,0,0,passed,codegen,not_seen,0,,,0,0,0,0,0,0,not_seen,0
lightning/illustration,lightning,False,,,False,0,0,passed,codegen,not_seen,0,,,0,0,0,0,0,0,not_seen,0
lightning/input,lightning,False,,,False,0,0,passed,codegen,not_seen,0,,,0,0,0,0,0,0,not_seen,0
lightning/inputAddress,lightning,False,,,False,0,0,passed,codegen,not_seen,0,,,0,0,0,0,0,0,not_seen,0
lightning/inputField,lightning,False,,,False,0,0,passed,codegen,not_seen,0,,,0,0,0,0,0,0,not_seen,0
lightning/inputLocation,lightning,False,,,False,0,0,passed,codegen,not_seen,0,,,0,0,0,0,0,0,not_seen,0
lightning/inputName,lightning,False,,,False,0,0,passed,codegen,not_seen,0,,,0,0,0,0,0,0,not_seen,0
lightning/inputRichText,lightning,True,True,,True,12,3,passed,codegen,not_seen,0,,,0,0,0,0,0,0,not_seen,0
lightning/layout,lightning,False,,,False,0,0,passed,codegen,not_seen,0,,,0,0,0,0,0,0,not_seen,0
lightning/layoutItem,lightning,False,,,False,0,0,passed,codegen,not_seen,0,,,0,0,0,0,0,0,not_seen,0
lightning/lookup,lightning,False,,,False,0,0,passed,codegen,not_seen,0,,,0,0,0,0,0,0,not_seen,0
lightning/lookupAddress,lightning,False,,,False,0,0,passed,codegen,not_seen,0,,,0,0,0,0,0,0,not_seen,0
lightning/lookupAdvancedModal,lightning,True,True,,True,8,2,passed,codegen,not_seen,0,,,0,0,0,0,0,0,not_seen,0
lightning/lookupDesktop,lightning,False,,,False,0,0,passed,codegen,not_seen,0,,,0,0,0,0,0,0,not_seen,0
lightning/lookupDesktopV2,lightning,False,,,False,0,0,passed,codegen,not_seen,0,,,0,0,0,0,0,0,not_seen,0
lightning/map,lightning,False,,,False,0,0,passed,codegen,not_seen,0,,,0,0,0,0,0,0,not_seen,0
lightning/menuItem,lightning,True,True,,True,7,1,passed,codegen,not_seen,0,,,0,0,0,0,0,0,not_seen,0
lightning/menuSubHeader,lightning,False,,,False,0,0,passed,codegen,not_seen,0,,,0,0,0,0,0,0,not_seen,0
lightning/mobileGroupedCombobox,lightning,True,True,,True,18,2,passed,codegen,not_seen,0,,,0,0,0,0,0,0,not_seen,0
lightning/modal,lightning,False,,,False,0,0,passed,codegen,not_seen,0,,,0,0,0,0,0,0,not_seen,0
lightning/modalBody,lightning,False,,,False,0,0,passed,codegen,not_seen,0,,,0,0,0,0,0,0,not_seen,0
lightning/modalFooter,lightning,False,,,False,0,0,passed,codegen,not_seen,0,,,0,0,0,0,0,0,not_seen,0
lightning/modalHeader,lightning,False,,,False,0,0,passed,codegen,not_seen,0,,,0,0,0,0,0,0,not_seen,0
lightning/multiColumnSortingModal,lightning,True,True,,True,10,1,passed,codegen,not_seen,0,,,0,0,0,0,0,0,not_seen,0
lightning/noticeContent,lightning,False,,,False,0,0,passed,codegen,not_seen,0,,,0,0,0,0,0,0,not_seen,0
lightning/noticeFooter,lightning,False,,,False,0,0,passed,codegen,not_seen,0,,,0,0,0,0,0,0,not_seen,0
lightning/outputField,lightning,False,,,False,0,0,passed,codegen,not_seen,0,,,0,0,0,0,0,0,not_seen,0
lightning/overlay,lightning,True,True,,True,2,2,passed,codegen,not_seen,0,,,0,0,0,0,0,0,not_seen,0
lightning/picklist,lightning,False,,,False,0,0,passed,codegen,not_seen,0,,,0,0,0,0,0,0,not_seen,0
lightning/pill,lightning,False,,,False,0,0,passed,codegen,not_seen,0,,,0,0,0,0,0,0,not_seen,0
lightning/pillContainer,lightning,False,,,False,0,0,passed,codegen,not_seen,0,,,0,0,0,0,0,0,not_seen,0
lightning/popup,lightning,False,,,False,0,0,passed,codegen,not_seen,0,,,0,0,0,0,0,0,not_seen,0
lightning/primitiveBubble,lightning,True,True,,True,6,0,passed,codegen,passed,4,"cdp,webdriver","console,home",4,0,0,12,0,4,not_seen,0
lightning/primitiveColumnSorter,lightning,False,,,False,0,0,passed,codegen,not_seen,0,,,0,0,0,0,0,0,not_seen,0
lightning/primitiveCoordinateItem,lightning,False,,,False,0,0,passed,codegen,not_seen,0,,,0,0,0,0,0,0,not_seen,0
lightning/primitiveDatatableTooltip,lightning,False,,,False,0,0,passed,codegen,not_seen,0,,,0,0,0,0,0,0,not_seen,0
lightning/primitiveDatatableTooltipBubble,lightning,True,True,,True,4,1,passed,codegen,not_seen,0,,,0,0,0,0,0,0,not_seen,0
lightning/primitiveFileDroppableZone,lightning,False,,,False,0,0,passed,codegen,not_seen,0,,,0,0,0,0,0,0,not_seen,0
lightning/primitiveIcon,lightning,False,,,False,0,0,passed,codegen,not_seen,0,,,0,0,0,0,0,0,not_seen,0
lightning/primitiveIframe,lightning,False,,,False,0,0,passed,codegen,not_seen,0,,,0,0,0,0,0,0,not_seen,0
lightning/primitiveInputRadio,lightning,False,,,False,0,0,passed,codegen,not_seen,0,,,0,0,0,0,0,0,not_seen,0
lightning/progressBar,lightning,False,,,False,0,0,passed,codegen,not_seen,0,,,0,0,0,0,0,0,not_seen,0
lightning/progressIndicator,lightning,False,,,False,0,0,passed,codegen,not_seen,0,,,0,0,0,0,0,0,not_seen,0
lightning/progressRing,lightning,False,,,False,0,0,passed,codegen,not_seen,0,,,0,0,0,0,0,0,not_seen,0
lightning/progressStep,lightning,False,,,False,0,0,passed,codegen,not_seen,0,,,0,0,0,0,0,0,not_seen,0
lightning/prompt,lightning,True,True,,True,10,0,passed,codegen,not_seen,0,,,0,0,0,0,0,0,not_seen,0
lightning/quill,lightning,False,,,False,0,0,passed,codegen,not_seen,0,,,0,0,0,0,0,0,not_seen,0
lightning/radioGroup,lightning,False,,,False,0,0,passed,codegen,not_seen,0,,,0,0,0,0,0,0,not_seen,0
lightning/recordEditForm,lightning,False,,,False,0,0,passed,codegen,not_seen,0,,,0,0,0,0,0,0,not_seen,0
lightning/recordForm,lightning,False,,,False,0,0,passed,codegen,not_seen,0,,,0,0,0,0,0,0,not_seen,0
lightning/recordPicker,lightning,False,,,False,0,0,passed,codegen,not_seen,0,,,0,0,0,0,0,0,not_seen,0
lightning/recordPickerAdvanced,lightning,False,,,False,0,0,passed,codegen,not_seen,0,,,0,0,0,0,0,0,not_seen,0
lightning/recordPickerBase,lightning,False,,,False,0,0,passed,codegen,not_seen,0,,,0,0,0,0,0,0,not_seen,0
lightning/recordPickerBaseDesktop,lightning,False,,,False,0,0,passed,codegen,not_seen,0,,,0,0,0,0,0,0,not_seen,0
lightning/recordViewForm,lightning,False,,,False,0,0,passed,codegen,not_seen,0,,,0,0,0,0,0,0,not_seen,0
lightning/richTextToolbarButton,lightning,False,,,False,0,0,passed,codegen,not_seen,0,,,0,0,0,0,0,0,not_seen,0
lightning/richTextToolbarButtonGroup,lightning,False,,,False,0,0,passed,codegen,not_seen,0,,,0,0,0,0,0,0,not_seen,0
lightning/select,lightning,False,,,False,0,0,passed,codegen,not_seen,0,,,0,0,0,0,0,0,not_seen,0
lightning/slider,lightning,False,,,False,0,0,passed,codegen,not_seen,0,,,0,0,0,0,0,0,not_seen,0
lightning/spinner,lightning,False,,,False,0,0,passed,codegen,not_seen,0,,,0,0,0,0,0,0,not_seen,0
lightning/stackedTab,lightning,True,True,,True,3,0,passed,codegen,not_seen,0,,,0,0,0,0,0,0,not_seen,0
lightning/stackedTabset,lightning,False,,,False,0,0,passed,codegen,not_seen,0,,,0,0,0,0,0,0,not_seen,0
lightning/staticMap,lightning,False,,,False,0,0,passed,codegen,not_seen,0,,,0,0,0,0,0,0,not_seen,0
lightning/tabBar,lightning,False,,,False,0,0,passed,codegen,not_seen,0,,,0,0,0,0,0,0,not_seen,0
lightning/tabset,lightning,False,,,False,0,0,passed,codegen,not_seen,0,,,0,0,0,0,0,0,not_seen,0
lightning/textarea,lightning,False,,,False,0,0,passed,codegen,not_seen,0,,,0,0,0,0,0,0,not_seen,0
lightning/tile,lightning,False,,,False,0,0,passed,codegen,not_seen,0,,,0,0,0,0,0,0,not_seen,0
lightning/timepicker,lightning,False,,,False,0,0,passed,codegen,not_seen,0,,,0,0,0,0,0,0,not_seen,0
lightning/toast,lightning,True,True,,True,13,0,passed,codegen,not_seen,0,,,0,0,0,0,0,0,not_seen,0
lightning/toastContainer,lightning,False,,,False,0,0,passed,codegen,not_seen,0,,,0,0,0,0,0,0,not_seen,0
lightning/tree,lightning,False,,,False,0,0,passed,codegen,not_seen,0,,,0,0,0,0,0,0,not_seen,0
lightning/treeGrid,lightning,False,,,False,0,0,passed,codegen,not_seen,0,,,0,0,0,0,0,0,not_seen,0
lightning/treeItem,lightning,False,,,False,0,0,passed,codegen,not_seen,0,,,0,0,0,0,0,0,not_seen,0
lightning/verticalNavigation,lightning,False,,,False,0,0,passed,codegen,not_seen,0,,,0,0,0,0,0,0,not_seen,0
lightning/verticalNavigationItem,lightning,False,,,False,0,0,passed,codegen,not_seen,0,,,0,0,0,0,0,0,not_seen,0
lightning/verticalNavigationItemBadge,lightning,False,,,False,0,0,passed,codegen,not_seen,0,,,0,0,0,0,0,0,not_seen,0
lightning/verticalNavigationItemIcon,lightning,False,,,False,0,0,passed,codegen,not_seen,0,,,0,0,0,0,0,0,not_seen,0
lightning/verticalNavigationOverflow,lightning,False,,,False,0,0,passed,codegen,not_seen,0,,,0,0,0,0,0,0,not_seen,0
lightning/verticalNavigationSection,lightning,False,,,False,0,0,passed,codegen,not_seen,0,,,0,0,0,0,0,0,not_seen,0
lists/auraListRecord,lists,False,,,False,0,0,passed,codegen,not_seen,0,,,0,0,0,0,0,0,not_seen,0
lists/auraRecordCardList,lists,True,True,,True,4,0,passed,codegen,not_seen,0,,,0,0,0,0,0,0,not_seen,0
lists/auraRelatedListContainer,lists,False,,,False,0,0,passed,codegen,not_seen,0,,,0,0,0,0,0,0,not_seen,0
lists/auraRelatedListSingleContainer,lists,False,,,False,0,0,passed,codegen,not_seen,0,,,0,0,0,0,0,0,not_seen,0
lists/baseFilterExpression,lists,False,,,False,0,0,passed,codegen,not_seen,0,,,0,0,0,0,0,0,not_seen,0
lists/baseFilterExpressionEditor,lists,False,,,False,0,0,passed,codegen,not_seen,0,,,0,0,0,0,0,0,not_seen,0
lists/baseFilterPanel,lists,False,,,False,0,0,passed,codegen,not_seen,0,,,0,0,0,0,0,0,not_seen,0
lists/baseFilterPanelScope,lists,False,,,False,0,0,passed,codegen,not_seen,0,,,0,0,0,0,0,0,not_seen,0
lists/baseFilterPanelScopeEditor,lists,False,,,False,0,0,passed,codegen,not_seen,0,,,0,0,0,0,0,0,not_seen,0
lists/breadcrumbs,lists,False,,,False,0,0,passed,codegen,not_seen,0,,,0,0,0,0,0,0,not_seen,0
lists/commonList,lists,False,,,False,0,0,passed,codegen,not_seen,0,,,0,0,0,0,0,0,not_seen,0
lists/commonListFooter,lists,False,,,False,0,0,passed,codegen,not_seen,0,,,0,0,0,0,0,0,not_seen,0
lists/commonListInternal,lists,False,,,False,0,0,passed,codegen,not_seen,0,,,0,0,0,0,0,0,not_seen,0
lists/commonListPagination,lists,False,,,False,0,0,passed,codegen,not_seen,0,,,0,0,0,0,0,0,not_seen,0
lists/confirmationModal,lists,False,,,False,0,0,passed,codegen,not_seen,0,,,0,0,0,0,0,0,not_seen,0
lists/customEditCell,lists,False,,,False,0,0,passed,codegen,not_seen,0,,,0,0,0,0,0,0,not_seen,0
lists/dynamicRelatedList,lists,False,,,False,0,0,passed,codegen,not_seen,0,,,0,0,0,0,0,0,not_seen,0
lists/dynamicRelatedListDesktop,lists,True,True,,True,1,0,passed,codegen,not_seen,0,,,0,0,0,0,0,0,not_seen,0
lists/dynamicRelatedListMobile,lists,True,True,,True,2,0,passed,codegen,not_seen,0,,,0,0,0,0,0,0,not_seen,0
lists/dynamicRelatedListPreviewMobile,lists,False,,,False,0,0,passed,codegen,not_seen,0,,,0,0,0,0,0,0,not_seen,0
lists/dynamicRelatedListWithResolvedFields,lists,False,,,False,0,0,passed,codegen,not_seen,0,,,0,0,0,0,0,0,not_seen,0
lists/dynamicRelatedListWithUserPrefs,lists,False,,,False,0,0,passed,codegen,not_seen,0,,,0,0,0,0,0,0,not_seen,0
lists/emptyState,lists,False,,,False,0,0,passed,codegen,not_seen,0,,,0,0,0,0,0,0,not_seen,0
lists/errorState,lists,False,,,False,0,0,passed,codegen,not_seen,0,,,0,0,0,0,0,0,not_seen,0
lists/formattedText,lists,False,,,False,0,0,passed,codegen,not_seen,0,,,0,0,0,0,0,0,not_seen,0
lists/historyCard,lists,False,,,False,0,0,passed,codegen,not_seen,0,,,0,0,0,0,0,0,not_seen,0
lists/inputMultiPicklist,lists,False,,,False,0,0,passed,codegen,not_seen,0,,,0,0,0,0,0,0,not_seen,0
lists/inputNumber,lists,False,,,False,0,0,passed,codegen,not_seen,0,,,0,0,0,0,0,0,not_seen,0
lists/inputPicklist,lists,False,,,False,0,0,passed,codegen,not_seen,0,,,0,0,0,0,0,0,not_seen,0
lists/listCardList,lists,True,True,,True,1,0,passed,codegen,not_seen,0,,,0,0,0,0,0,0,not_seen,0
lists/listContent,lists,False,,,False,0,0,passed,codegen,not_seen,0,,,0,0,0,0,0,0,not_seen,0
lists/listViewManager,lists,False,,,False,0,0,passed,codegen,not_seen,0,,,0,0,0,0,0,0,not_seen,0
lists/listViewManagerButtonBar,lists,False,,,False,0,0,passed,codegen,not_seen,0,,,0,0,0,0,0,0,not_seen,0
lists/listViewManagerDisplaySwitcher,lists,False,,,False,0,0,passed,codegen,not_seen,0,,,0,0,0,0,0,0,not_seen,0
lists/listViewManagerHeader,lists,False,,,False,0,0,passed,codegen,not_seen,0,,,0,0,0,0,0,0,not_seen,0
lists/listViewManagerPinButton,lists,False,,,False,0,0,passed,codegen,not_seen,0,,,0,0,0,0,0,0,not_seen,0
lists/listViewManagerSettingsMenu,lists,False,,,False,0,0,passed,codegen,not_seen,0,,,0,0,0,0,0,0,not_seen,0
lists/listViewManagerSettingsModal,lists,False,,,False,0,0,passed,codegen,not_seen,0,,,0,0,0,0,0,0,not_seen,0
lists/listViewPicker,lists,False,,,False,0,0,passed,codegen,not_seen,0,,,0,0,0,0,0,0,not_seen,0
lists/listViewPickerDropdown,lists,False,,,False,0,0,passed,codegen,not_seen,0,,,0,0,0,0,0,0,not_seen,0
lists/listViewRowLevelAction,lists,False,,,False,0,0,passed,codegen,not_seen,0,,,0,0,0,0,0,0,not_seen,0
lists/objectHome,lists,True,True,,True,1,0,passed,codegen,not_seen,0,,,0,0,0,0,0,0,not_seen,0
lists/outputLookup,lists,False,,,False,0,0,passed,codegen,not_seen,0,,,0,0,0,0,0,0,not_seen,0
lists/primaryDisplay,lists,False,,,False,0,0,passed,codegen,not_seen,0,,,0,0,0,0,0,0,not_seen,0
lists/primaryDisplayCard,lists,False,,,False,0,0,passed,codegen,not_seen,0,,,0,0,0,0,0,0,not_seen,0
lists/primaryDisplayGrid,lists,False,,,False,0,0,passed,codegen,not_seen,0,,,0,0,0,0,0,0,not_seen,0
lists/primaryDisplayManager,lists,False,,,False,0,0,passed,codegen,not_seen,0,,,0,0,0,0,0,0,not_seen,0
lists/relatedListContainer,lists,False,,,False,0,0,passed,codegen,not_seen,0,,,0,0,0,0,0,0,not_seen,0
lists/relatedListDesktop,lists,True,True,,True,2,0,passed,codegen,not_seen,0,,,0,0,0,0,0,0,not_seen,0
lists/relatedListQuickLink,lists,False,,,False,0,0,passed,codegen,not_seen,0,,,0,0,0,0,0,0,not_seen,0
lists/relatedListQuickLinksContainer,lists,False,,,False,0,0,passed,codegen,not_seen,0,,,0,0,0,0,0,0,not_seen,0
lists/relatedListQuickLinksGrid,lists,False,,,False,0,0,passed,codegen,not_seen,0,,,0,0,0,0,0,0,not_seen,0
lists/relatedListSingleAppBuilderMapper,lists,False,,,False,0,0,passed,codegen,not_seen,0,,,0,0,0,0,0,0,not_seen,0
lists/relatedListSingleAuraWrapper,lists,False,,,False,0,0,passed,codegen,not_seen,0,,,0,0,0,0,0,0,not_seen,0
lists/relatedListSingleContainer,lists,False,,,False,0,0,passed,codegen,not_seen,0,,,0,0,0,0,0,0,not_seen,0
lists/relatedListViewManager,lists,False,,,False,0,0,passed,codegen,not_seen,0,,,0,0,0,0,0,0,not_seen,0
lists/relatedListViewManagerComposite,lists,False,,,False,0,0,passed,codegen,not_seen,0,,,0,0,0,0,0,0,not_seen,0
lists/relatedPreviewCard,lists,False,,,False,0,0,passed,codegen,not_seen,0,,,0,0,0,0,0,0,not_seen,0
lists/secondDegreeRelatedListSingleContainer,lists,False,,,False,0,0,passed,codegen,not_seen,0,,,0,0,0,0,0,0,not_seen,0
lists/secondaryDisplay,lists,False,,,False,0,0,passed,codegen,not_seen,0,,,0,0,0,0,0,0,not_seen,0
lists/secondaryDisplayManager,lists,False,,,False,0,0,passed,codegen,not_seen,0,,,0,0,0,0,0,0,not_seen,0
lists/statefulCommonList,lists,False,,,False,0,0,passed,codegen,not_seen,0,,,0,0,0,0,0,0,not_seen,0
lists/stencilCard,lists,False,,,False,0,0,passed,codegen,not_seen,0,,,0,0,0,0,0,0,not_seen,0
lists/stencilList,lists,False,,,False,0,0,passed,codegen,not_seen,0,,,0,0,0,0,0,0,not_seen,0
lists/stencilTable,lists,False,,,False,0,0,passed,codegen,not_seen,0,,,0,0,0,0,0,0,not_seen,0
lists/templateList,lists,False,,,False,0,0,passed,codegen,not_seen,0,,,0,0,0,0,0,0,not_seen,0
lists/templateListField,lists,False,,,False,0,0,passed,codegen,not_seen,0,,,0,0,0,0,0,0,not_seen,0
lists/templateListItemFactory,lists,False,,,False,0,0,passed,codegen,not_seen,0,,,0,0,0,0,0,0,not_seen,0
lists/titleContainer,lists,False,,,False,0,0,passed,codegen,not_seen,0,,,0,0,0,0,0,0,not_seen,0
mcontent_lightning_types/addNewLightningTypeBtn,mcontent_lightning_types,True,False,CMS / managed content feature,True,1,0,passed,codegen,not_seen,0,,,0,0,0,0,0,0,not_seen,0
mcontent_lightning_types/createLightningTypeForm,mcontent_lightning_types,True,False,CMS / managed content feature,True,11,1,passed,codegen,not_seen,0,,,0,0,0,0,0,0,not_seen,0
mcontent_lightning_types/errorPopover,mcontent_lightning_types,True,False,CMS / managed content feature,True,7,2,passed,codegen,not_seen,0,,,0,0,0,0,0,0,not_seen,0
mcontent_lightning_types/modalManager,mcontent_lightning_types,True,False,CMS / managed content feature,True,1,0,passed,codegen,not_seen,0,,,0,0,0,0,0,0,not_seen,0
mcontent_lightning_types/newLightningTypeModal,mcontent_lightning_types,True,False,CMS / managed content feature,True,5,0,passed,codegen,not_seen,0,,,0,0,0,0,0,0,not_seen,0
mcontent_lightning_types/newLightningTypeSetupFlow,mcontent_lightning_types,True,False,CMS / managed content feature,True,3,0,passed,codegen,not_seen,0,,,0,0,0,0,0,0,not_seen,0
mcontent_lightning_types/typeSelector,mcontent_lightning_types,True,False,CMS / managed content feature,True,7,2,passed,codegen,not_seen,0,,,0,0,0,0,0,0,not_seen,0
mobilebuilder/iconPickerModal,mobilebuilder,False,,,False,0,0,passed,codegen,not_seen,0,,,0,0,0,0,0,0,not_seen,0
navex/appNavMenu,navex,True,True,,True,2,2,passed,codegen,not_seen,0,,,0,0,0,0,0,0,not_seen,0
navex/consoleNav,navex,False,,,False,0,0,passed,codegen,not_seen,0,,,0,0,0,0,0,0,not_seen,0
navex/consoleTabContainer,navex,False,,,False,0,0,passed,codegen,not_seen,0,,,0,0,0,0,0,0,not_seen,0
navex/consoleTabItem,navex,False,,,False,0,0,passed,codegen,not_seen,0,,,0,0,0,0,0,0,not_seen,0
navex/consoleTabset,navex,False,,,False,0,0,passed,codegen,not_seen,0,,,0,0,0,0,0,0,not_seen,0
navex/desktopLayoutContainer,navex,True,True,,True,2,0,passed,codegen,not_seen,0,,,0,0,0,0,0,0,not_seen,0
navex/navItem,navex,False,,,False,0,0,not_reported,,not_seen,0,,,0,0,0,0,0,0,skipped,2
navex/splitViewWrapper,navex,False,,,False,0,0,passed,codegen,not_seen,0,,,0,0,0,0,0,0,not_seen,0
navex/workspace,navex,True,True,,True,2,0,passed,codegen,passed,2,"cdp,webdriver",setup,0,0,0,2,0,2,not_seen,0
navex/workspaceManager,navex,True,True,,True,2,0,passed,codegen,passed,2,"cdp,webdriver",setup,0,0,0,2,0,2,not_seen,0
omnistudio/core/flexCard,omnistudio,True,True,,False,0,0,passed,codegen,not_seen,0,,,0,0,0,0,0,0,not_seen,0
omnistudio/flexcard/element,omnistudio,False,,,False,0,0,passed,codegen,not_seen,0,,,0,0,0,0,0,0,not_seen,0
omnistudio/flexcard/flexAction,omnistudio,False,,,False,0,0,passed,codegen,not_seen,0,,,0,0,0,0,0,0,not_seen,0
omnistudio/flexcard/flexCardState,omnistudio,True,True,,False,0,0,passed,codegen,not_seen,0,,,0,0,0,0,0,0,not_seen,0
online/sales/addressForm,online,False,,,False,0,0,passed,codegen,not_seen,0,,,0,0,0,0,0,0,not_seen,0
online/sales/checkoutSuccess,online,False,,,False,0,0,passed,codegen,not_seen,0,,,0,0,0,0,0,0,not_seen,0
online/sales/confirmOrder,online,False,,,False,0,0,passed,codegen,not_seen,0,,,0,0,0,0,0,0,not_seen,0
online/sales/contactDetailsSection,online,False,,,False,0,0,passed,codegen,not_seen,0,,,0,0,0,0,0,0,not_seen,0
online/sales/contractSummaryPage,online,True,True,,False,0,0,passed,codegen,not_seen,0,,,0,0,0,0,0,0,not_seen,0
online/sales/creditCardForm,online,False,,,False,0,0,passed,codegen,not_seen,0,,,0,0,0,0,0,0,not_seen,0
online/sales/cybersource,online,False,,,False,0,0,passed,codegen,not_seen,0,,,0,0,0,0,0,0,not_seen,0
online/sales/editBillingAddressModal,online,False,,,False,0,0,passed,codegen,not_seen,0,,,0,0,0,0,0,0,not_seen,0
online/sales/editCreditCardForm,online,False,,,False,0,0,passed,codegen,not_seen,0,,,0,0,0,0,0,0,not_seen,0
online/sales/editPrimaryBillingModal,online,True,True,,False,0,0,passed,codegen,not_seen,0,,,0,0,0,0,0,0,not_seen,0
online/sales/invoiceContactDetailsSection,online,False,,,False,0,0,passed,codegen,not_seen,0,,,0,0,0,0,0,0,not_seen,0
online/sales/invoicePaymentMethodSection,online,False,,,False,0,0,passed,codegen,not_seen,0,,,0,0,0,0,0,0,not_seen,0
online/sales/invoicesAndPayments,online,True,True,,False,0,0,passed,codegen,not_seen,0,,,0,0,0,0,0,0,not_seen,0
online/sales/maintenancePage,online,False,,,False,0,0,passed,codegen,not_seen,0,,,0,0,0,0,0,0,not_seen,0
online/sales/makeInvoicePayment,online,False,,,False,0,0,passed,codegen,not_seen,0,,,0,0,0,0,0,0,not_seen,0
online/sales/onlineSalesHomePage,online,True,True,,False,0,0,passed,codegen,not_seen,0,,,0,0,0,0,0,0,not_seen,0
online/sales/optionsToBuy,online,False,,,False,0,0,passed,codegen,not_seen,0,,,0,0,0,0,0,0,not_seen,0
online/sales/optionsToBuyEmptyState,online,False,,,False,0,0,passed,codegen,not_seen,0,,,0,0,0,0,0,0,not_seen,0
online/sales/paymentMethodSection,online,False,,,False,0,0,passed,codegen,not_seen,0,,,0,0,0,0,0,0,not_seen,0
online/sales/productCard,online,False,,,False,0,0,passed,codegen,not_seen,0,,,0,0,0,0,0,0,not_seen,0
online/sales/productCatalog,online,True,True,,False,0,0,passed,codegen,not_seen,0,,,0,0,0,0,0,0,not_seen,0
online/sales/productCatalogCart,online,False,,,False,0,0,passed,codegen,not_seen,0,,,0,0,0,0,0,0,not_seen,0
online/sales/productDetailCard,online,False,,,False,0,0,passed,codegen,not_seen,0,,,0,0,0,0,0,0,not_seen,0
online/sales/promoBanner,online,False,,,False,0,0,passed,codegen,not_seen,0,,,0,0,0,0,0,0,not_seen,0
online/sales/purchaseNow,online,True,True,,False,0,0,passed,codegen,not_seen,0,,,0,0,0,0,0,0,not_seen,0
online/sales/purchaseOptions,online,False,,,False,0,0,passed,codegen,not_seen,0,,,0,0,0,0,0,0,not_seen,0
online/sales/skuDetails,online,False,,,False,0,0,passed,codegen,not_seen,0,,,0,0,0,0,0,0,not_seen,0
online/sales/skuDetailsPageTop,online,False,,,False,0,0,passed,codegen,not_seen,0,,,0,0,0,0,0,0,not_seen,0
online/sales/spinner,online,False,,,False,0,0,passed,codegen,not_seen,0,,,0,0,0,0,0,0,not_seen,0
online/sales/starterUpgrade,online,True,True,,False,0,0,passed,codegen,not_seen,0,,,0,0,0,0,0,0,not_seen,0
online/sales/viewAllContracts,online,True,True,,False,0,0,passed,codegen,not_seen,0,,,0,0,0,0,0,0,not_seen,0
online/sales/viewInvoices,online,True,True,,False,0,0,passed,codegen,not_seen,0,,,0,0,0,0,0,0,not_seen,0
online/sales/yaContractPaymentAndContact,online,True,True,,False,0,0,passed,codegen,not_seen,0,,,0,0,0,0,0,0,not_seen,0
online/sales/yaContractRenewalBanner,online,False,,,False,0,0,passed,codegen,not_seen,0,,,0,0,0,0,0,0,not_seen,0
online/sales/yaInvoicePaymentAndContact,online,True,True,,False,0,0,passed,codegen,not_seen,0,,,0,0,0,0,0,0,not_seen,0
record/flexipage/desktopRecordPageDecorator,record,False,,,False,0,0,passed,codegen,not_seen,0,,,0,0,0,0,0,0,not_seen,0
record/flexipage/dynamicHighlights2,record,False,,,False,0,0,passed,codegen,not_seen,0,,,0,0,0,0,0,0,not_seen,0
record/flexipage/einsteinAssistantDockingPanel,record,True,True,,False,0,0,passed,codegen,not_seen,0,,,0,0,0,0,0,0,not_seen,0
record/flexipage/highlightsPrimaryRow,record,False,,,False,0,0,passed,codegen,not_seen,0,,,0,0,0,0,0,0,not_seen,0
record/flexipage/mobileRecordPageDecorator,record,False,,,False,0,0,passed,codegen,not_seen,0,,,0,0,0,0,0,0,not_seen,0
record/flexipage/recordField,record,False,,,False,0,0,passed,codegen,not_seen,0,,,0,0,0,0,0,0,not_seen,0
records/baseRecordForm,records,False,,,False,0,0,passed,codegen,not_seen,0,,,0,0,0,0,0,0,not_seen,0
records/dependentFieldItem,records,False,,,False,0,0,passed,codegen,not_seen,0,,,0,0,0,0,0,0,not_seen,0
records/dependentFieldTree,records,False,,,False,0,0,passed,codegen,not_seen,0,,,0,0,0,0,0,0,not_seen,0
records/dependentFieldTreeRoot,records,False,,,False,0,0,passed,codegen,not_seen,0,,,0,0,0,0,0,0,not_seen,0
records/formFooter,records,False,,,False,0,0,passed,codegen,not_seen,0,,,0,0,0,0,0,0,not_seen,0
records/formPicklist,records,False,,,False,0,0,passed,codegen,not_seen,0,,,0,0,0,0,0,0,not_seen,0
records/highlights2,records,False,,,False,0,0,passed,codegen,not_seen,0,,,0,0,0,0,0,0,not_seen,0
records/highlightsDetailsItem,records,False,,,False,0,0,passed,codegen,not_seen,0,,,0,0,0,0,0,0,not_seen,0
records/highlightsDetailsItemGroup,records,False,,,False,0,0,passed,codegen,not_seen,0,,,0,0,0,0,0,0,not_seen,0
records/highlightsIcon,records,False,,,False,0,0,passed,codegen,not_seen,0,,,0,0,0,0,0,0,not_seen,0
records/hoverableLink,records,False,,,False,0,0,passed,codegen,not_seen,0,,,0,0,0,0,0,0,not_seen,0
records/lwcDetailPanel,records,False,,,False,0,0,passed,codegen,not_seen,0,,,0,0,0,0,0,0,not_seen,0
records/lwcHighlightsPanel,records,False,,,False,0,0,passed,codegen,not_seen,0,,,0,0,0,0,0,0,not_seen,0
records/lwcRecordLayout,records,False,,,False,0,0,passed,codegen,not_seen,0,,,0,0,0,0,0,0,not_seen,0
records/mobileFormError,records,False,,,False,0,0,passed,codegen,not_seen,0,,,0,0,0,0,0,0,not_seen,0
records/mobileFormHeader,records,False,,,False,0,0,passed,codegen,not_seen,0,,,0,0,0,0,0,0,not_seen,0
records/modalLwcDetailPanelWrapper,records,False,,,False,0,0,passed,codegen,not_seen,0,,,0,0,0,0,0,0,not_seen,0
records/modstamp,records,False,,,False,0,0,passed,codegen,not_seen,0,,,0,0,0,0,0,0,not_seen,0
records/outputPhone,records,False,,,False,0,0,passed,codegen,not_seen,0,,,0,0,0,0,0,0,not_seen,0
records/recordEditError,records,True,True,,True,5,0,passed,codegen,not_seen,0,,,0,0,0,0,0,0,not_seen,0
records/recordEditErrorHeader,records,False,,,False,0,0,passed,codegen,not_seen,0,,,0,0,0,0,0,0,not_seen,0
records/recordLayoutBaseInput,records,False,,,False,0,0,passed,codegen,not_seen,0,,,0,0,0,0,0,0,not_seen,0
records/recordLayoutCheckbox,records,False,,,False,0,0,passed,codegen,not_seen,0,,,0,0,0,0,0,0,not_seen,0
records/recordLayoutColumn,records,False,,,False,0,0,passed,codegen,not_seen,0,,,0,0,0,0,0,0,not_seen,0
records/recordLayoutEventBroker,records,False,,,False,0,0,passed,codegen,not_seen,0,,,0,0,0,0,0,0,not_seen,0
records/recordLayoutInputAddress,records,False,,,False,0,0,passed,codegen,not_seen,0,,,0,0,0,0,0,0,not_seen,0
records/recordLayoutInputDateTime,records,False,,,False,0,0,passed,codegen,not_seen,0,,,0,0,0,0,0,0,not_seen,0
records/recordLayoutInputLocation,records,False,,,False,0,0,passed,codegen,not_seen,0,,,0,0,0,0,0,0,not_seen,0
records/recordLayoutInputName,records,False,,,False,0,0,passed,codegen,not_seen,0,,,0,0,0,0,0,0,not_seen,0
records/recordLayoutItem,records,False,,,False,0,0,passed,codegen,not_seen,0,,,0,0,0,0,0,0,not_seen,0
records/recordLayoutLookup,records,False,,,False,0,0,passed,codegen,not_seen,0,,,0,0,0,0,0,0,not_seen,0
records/recordLayoutRichText,records,False,,,False,0,0,passed,codegen,not_seen,0,,,0,0,0,0,0,0,not_seen,0
records/recordLayoutRow,records,False,,,False,0,0,passed,codegen,not_seen,0,,,0,0,0,0,0,0,not_seen,0
records/recordLayoutSection,records,False,,,False,0,0,passed,codegen,not_seen,0,,,0,0,0,0,0,0,not_seen,0
records/recordLayoutTextArea,records,False,,,False,0,0,passed,codegen,not_seen,0,,,0,0,0,0,0,0,not_seen,0
records/recordPicklist,records,False,,,False,0,0,passed,codegen,not_seen,0,,,0,0,0,0,0,0,not_seen,0
records/recordShareAccessDetail,records,True,True,,True,1,0,passed,codegen,not_seen,0,,,0,0,0,0,0,0,not_seen,0
records/recordShareHierarchy,records,True,True,,True,1,0,passed,codegen,not_seen,0,,,0,0,0,0,0,0,not_seen,0
records/recordType,records,False,,,False,0,0,passed,codegen,not_seen,0,,,0,0,0,0,0,0,not_seen,0
records/relatedListLwcDetailPanelWrapper,records,False,,,False,0,0,passed,codegen,not_seen,0,,,0,0,0,0,0,0,not_seen,0
runtime_copilot/agenticLayout,runtime_copilot,False,,,False,0,0,passed,codegen,not_seen,0,,,0,0,0,0,0,0,not_seen,0
runtime_copilot/assistantPanelContext,runtime_copilot,False,,,False,0,0,passed,codegen,not_seen,0,,,0,0,0,0,0,0,not_seen,0
runtime_copilot/assistantPanelHomeView,runtime_copilot,False,,,False,0,0,passed,codegen,not_seen,0,,,0,0,0,0,0,0,not_seen,0
runtime_copilot/multiAgentSelector,runtime_copilot,False,,,False,0,0,passed,codegen,not_seen,0,,,0,0,0,0,0,0,not_seen,0
runtime_copilot/resetSession,runtime_copilot,False,,,False,0,0,passed,codegen,not_seen,0,,,0,0,0,0,0,0,not_seen,0
runtime_copilot/resetSessionModal,runtime_copilot,False,,,False,0,0,passed,codegen,not_seen,0,,,0,0,0,0,0,0,not_seen,0
runtime_copilot_base/baseAccordion,runtime_copilot_base,False,,,False,0,0,passed,codegen,not_seen,0,,,0,0,0,0,0,0,not_seen,0
runtime_copilot_base/baseAvatar,runtime_copilot_base,False,,,False,0,0,passed,codegen,not_seen,0,,,0,0,0,0,0,0,not_seen,0
runtime_copilot_base/baseButton,runtime_copilot_base,False,,,False,0,0,passed,codegen,not_seen,0,,,0,0,0,0,0,0,not_seen,0
runtime_copilot_base/baseButtonComplete,runtime_copilot_base,False,,,False,0,0,passed,codegen,not_seen,0,,,0,0,0,0,0,0,not_seen,0
runtime_copilot_base/baseButtonGroup,runtime_copilot_base,False,,,False,0,0,passed,codegen,not_seen,0,,,0,0,0,0,0,0,not_seen,0
runtime_copilot_base/baseButtonIcon,runtime_copilot_base,False,,,False,0,0,passed,codegen,not_seen,0,,,0,0,0,0,0,0,not_seen,0
runtime_copilot_base/baseButtonStateful,runtime_copilot_base,False,,,False,0,0,passed,codegen,not_seen,0,,,0,0,0,0,0,0,not_seen,0
runtime_copilot_base/baseDisclaimer,runtime_copilot_base,False,,,False,0,0,passed,codegen,not_seen,0,,,0,0,0,0,0,0,not_seen,0
runtime_copilot_base/baseDropDown,runtime_copilot_base,False,,,False,0,0,passed,codegen,not_seen,0,,,0,0,0,0,0,0,not_seen,0
runtime_copilot_base/baseHelptext,runtime_copilot_base,False,,,False,0,0,passed,codegen,not_seen,0,,,0,0,0,0,0,0,not_seen,0
runtime_copilot_base/baseIcon,runtime_copilot_base,False,,,False,0,0,passed,codegen,not_seen,0,,,0,0,0,0,0,0,not_seen,0
runtime_copilot_base/baseMarkdownText,runtime_copilot_base,False,,,False,0,0,passed,codegen,not_seen,0,,,0,0,0,0,0,0,not_seen,0
runtime_copilot_base/basePopoverButton,runtime_copilot_base,False,,,False,0,0,passed,codegen,not_seen,0,,,0,0,0,0,0,0,not_seen,0
runtime_copilot_base/basePopoverContainer,runtime_copilot_base,False,,,False,0,0,passed,codegen,not_seen,0,,,0,0,0,0,0,0,not_seen,0
runtime_copilot_base/baseRecordForm,runtime_copilot_base,False,,,False,0,0,passed,codegen,not_seen,0,,,0,0,0,0,0,0,not_seen,0
runtime_copilot_base/baseRecordPicker,runtime_copilot_base,False,,,False,0,0,passed,codegen,not_seen,0,,,0,0,0,0,0,0,not_seen,0
runtime_copilot_base/baseSelectRecord,runtime_copilot_base,False,,,False,0,0,passed,codegen,not_seen,0,,,0,0,0,0,0,0,not_seen,0
runtime_copilot_base/baseTooltipButton,runtime_copilot_base,False,,,False,0,0,passed,codegen,not_seen,0,,,0,0,0,0,0,0,not_seen,0
runtime_copilot_base/blockBaseFollowupAction,runtime_copilot_base,False,,,False,0,0,passed,codegen,not_seen,0,,,0,0,0,0,0,0,not_seen,0
runtime_copilot_base/blockViewMoreRecordsAction,runtime_copilot_base,False,,,False,0,0,passed,codegen,not_seen,0,,,0,0,0,0,0,0,not_seen,0
runtime_copilot_base/citationItem,runtime_copilot_base,False,,,False,0,0,passed,codegen,not_seen,0,,,0,0,0,0,0,0,not_seen,0
runtime_copilot_base/citationsList,runtime_copilot_base,False,,,False,0,0,passed,codegen,not_seen,0,,,0,0,0,0,0,0,not_seen,0
runtime_copilot_base/copilotDisclaimer,runtime_copilot_base,False,,,False,0,0,passed,codegen,not_seen,0,,,0,0,0,0,0,0,not_seen,0
runtime_copilot_base/dynamicImage,runtime_copilot_base,False,,,False,0,0,passed,codegen,not_seen,0,,,0,0,0,0,0,0,not_seen,0
runtime_copilot_base/dynamicMessage,runtime_copilot_base,False,,,False,0,0,passed,codegen,not_seen,0,,,0,0,0,0,0,0,not_seen,0
runtime_copilot_base/inputList,runtime_copilot_base,False,,,False,0,0,passed,codegen,not_seen,0,,,0,0,0,0,0,0,not_seen,0
runtime_copilot_base/inputObject,runtime_copilot_base,False,,,False,0,0,passed,codegen,not_seen,0,,,0,0,0,0,0,0,not_seen,0
runtime_copilot_base/inputRecordSelection,runtime_copilot_base,False,,,False,0,0,passed,codegen,not_seen,0,,,0,0,0,0,0,0,not_seen,0
runtime_copilot_base/inputText,runtime_copilot_base,False,,,False,0,0,passed,codegen,not_seen,0,,,0,0,0,0,0,0,not_seen,0
runtime_copilot_base/inputTime,runtime_copilot_base,False,,,False,0,0,passed,codegen,not_seen,0,,,0,0,0,0,0,0,not_seen,0
runtime_copilot_base/messageActionable,runtime_copilot_base,False,,,False,0,0,passed,codegen,not_seen,0,,,0,0,0,0,0,0,not_seen,0
runtime_copilot_base/messageActions,runtime_copilot_base,False,,,False,0,0,passed,codegen,not_seen,0,,,0,0,0,0,0,0,not_seen,0
runtime_copilot_base/messageError,runtime_copilot_base,False,,,False,0,0,passed,codegen,not_seen,0,,,0,0,0,0,0,0,not_seen,0
runtime_copilot_base/messageObserver,runtime_copilot_base,False,,,False,0,0,passed,codegen,not_seen,0,,,0,0,0,0,0,0,not_seen,0
runtime_copilot_base/messageResolver,runtime_copilot_base,False,,,False,0,0,passed,codegen,not_seen,0,,,0,0,0,0,0,0,not_seen,0
runtime_copilot_base/messageStateful,runtime_copilot_base,False,,,False,0,0,passed,codegen,not_seen,0,,,0,0,0,0,0,0,not_seen,0
runtime_copilot_base/messageStatus,runtime_copilot_base,False,,,False,0,0,passed,codegen,not_seen,0,,,0,0,0,0,0,0,not_seen,0
runtime_copilot_base/multiRecordPicklist,runtime_copilot_base,False,,,False,0,0,passed,codegen,not_seen,0,,,0,0,0,0,0,0,not_seen,0
runtime_copilot_base/outputDateTimeString,runtime_copilot_base,False,,,False,0,0,passed,codegen,not_seen,0,,,0,0,0,0,0,0,not_seen,0
runtime_copilot_base/outputEmail,runtime_copilot_base,False,,,False,0,0,passed,codegen,not_seen,0,,,0,0,0,0,0,0,not_seen,0
runtime_copilot_base/outputList,runtime_copilot_base,False,,,False,0,0,passed,codegen,not_seen,0,,,0,0,0,0,0,0,not_seen,0
runtime_copilot_base/outputMarkdown,runtime_copilot_base,False,,,False,0,0,passed,codegen,not_seen,0,,,0,0,0,0,0,0,not_seen,0
runtime_copilot_base/outputRichText,runtime_copilot_base,False,,,False,0,0,passed,codegen,not_seen,0,,,0,0,0,0,0,0,not_seen,0
runtime_copilot_base/outputTime,runtime_copilot_base,False,,,False,0,0,passed,codegen,not_seen,0,,,0,0,0,0,0,0,not_seen,0
runtime_copilot_base/primitiveTypePicklist,runtime_copilot_base,False,,,False,0,0,passed,codegen,not_seen,0,,,0,0,0,0,0,0,not_seen,0
runtime_copilot_base/propertyLayout,runtime_copilot_base,False,,,False,0,0,passed,codegen,not_seen,0,,,0,0,0,0,0,0,not_seen,0
runtime_copilot_base/recommendationButton,runtime_copilot_base,False,,,False,0,0,passed,codegen,not_seen,0,,,0,0,0,0,0,0,not_seen,0
runtime_copilot_base/recommendationUtterance,runtime_copilot_base,False,,,False,0,0,passed,codegen,not_seen,0,,,0,0,0,0,0,0,not_seen,0
runtime_copilot_base/recommendedActionLayout,runtime_copilot_base,False,,,False,0,0,passed,codegen,not_seen,0,,,0,0,0,0,0,0,not_seen,0
runtime_copilot_base/recordHeader,runtime_copilot_base,False,,,False,0,0,passed,codegen,not_seen,0,,,0,0,0,0,0,0,not_seen,0
runtime_copilot_base/recordPicker,runtime_copilot_base,False,,,False,0,0,passed,codegen,not_seen,0,,,0,0,0,0,0,0,not_seen,0
runtime_copilot_base/recordPickerAllEntities,runtime_copilot_base,False,,,False,0,0,passed,codegen,not_seen,0,,,0,0,0,0,0,0,not_seen,0
runtime_copilot_base/recordPickerLimitedEntities,runtime_copilot_base,False,,,False,0,0,passed,codegen,not_seen,0,,,0,0,0,0,0,0,not_seen,0
runtime_copilot_base/recordPicklist,runtime_copilot_base,False,,,False,0,0,passed,codegen,not_seen,0,,,0,0,0,0,0,0,not_seen,0
runtime_copilot_base/recordTable,runtime_copilot_base,True,True,,True,12,0,passed,codegen,not_seen,0,,,0,0,0,0,0,0,not_seen,0
runtime_copilot_base/selectRecordId,runtime_copilot_base,False,,,False,0,0,passed,codegen,not_seen,0,,,0,0,0,0,0,0,not_seen,0
runtime_copilot_base/selectRecordInfo,runtime_copilot_base,False,,,False,0,0,passed,codegen,not_seen,0,,,0,0,0,0,0,0,not_seen,0
runtime_copilot_base/selectSingleDateAndDateTimeString,runtime_copilot_base,False,,,False,0,0,passed,codegen,not_seen,0,,,0,0,0,0,0,0,not_seen,0
runtime_copilot_base/selectSingleIntegerAndNumber,runtime_copilot_base,False,,,False,0,0,passed,codegen,not_seen,0,,,0,0,0,0,0,0,not_seen,0
runtime_copilot_base/selectSingleText,runtime_copilot_base,False,,,False,0,0,passed,codegen,not_seen,0,,,0,0,0,0,0,0,not_seen,0
runtime_copilot_base/singleSelectTime,runtime_copilot_base,False,,,False,0,0,passed,codegen,not_seen,0,,,0,0,0,0,0,0,not_seen,0
runtime_copilot_base/statusTyping,runtime_copilot_base,False,,,False,0,0,passed,codegen,not_seen,0,,,0,0,0,0,0,0,not_seen,0
runtime_copilot_base/streamObserver,runtime_copilot_base,False,,,False,0,0,passed,codegen,not_seen,0,,,0,0,0,0,0,0,not_seen,0
runtime_copilot_base/streamStatus,runtime_copilot_base,False,,,False,0,0,passed,codegen,not_seen,0,,,0,0,0,0,0,0,not_seen,0
runtime_copilot_base/streamingIndicator,runtime_copilot_base,False,,,False,0,0,passed,codegen,not_seen,0,,,0,0,0,0,0,0,not_seen,0
runtime_copilot_base/userAvatar,runtime_copilot_base,False,,,False,0,0,passed,codegen,not_seen,0,,,0,0,0,0,0,0,not_seen,0
runtime_copilot_base/viewActionButton,runtime_copilot_base,False,,,False,0,0,passed,codegen,not_seen,0,,,0,0,0,0,0,0,not_seen,0
runtime_copilot_base/viewActionLayout,runtime_copilot_base,False,,,False,0,0,passed,codegen,not_seen,0,,,0,0,0,0,0,0,not_seen,0
runtime_copilot_base/viewComponent,runtime_copilot_base,False,,,False,0,0,passed,codegen,not_seen,0,,,0,0,0,0,0,0,not_seen,0
runtime_copilot_base/viewMoreLess,runtime_copilot_base,False,,,False,0,0,passed,codegen,not_seen,0,,,0,0,0,0,0,0,not_seen,0
runtime_copilot_base/viewRecordForm,runtime_copilot_base,False,,,False,0,0,passed,codegen,not_seen,0,,,0,0,0,0,0,0,not_seen,0
runtime_copilot_base/viewRecordId,runtime_copilot_base,False,,,False,0,0,passed,codegen,not_seen,0,,,0,0,0,0,0,0,not_seen,0
runtime_copilot_base/viewRecordIdList,runtime_copilot_base,False,,,False,0,0,passed,codegen,not_seen,0,,,0,0,0,0,0,0,not_seen,0
runtime_copilot_base/viewRecordList,runtime_copilot_base,False,,,False,0,0,passed,codegen,not_seen,0,,,0,0,0,0,0,0,not_seen,0
runtime_copilot_base/viewRecordListInternal,runtime_copilot_base,False,,,False,0,0,passed,codegen,not_seen,0,,,0,0,0,0,0,0,not_seen,0
runtime_copilot_base/viewVerticalLayout,runtime_copilot_base,False,,,False,0,0,passed,codegen,not_seen,0,,,0,0,0,0,0,0,not_seen,0
runtime_copilot_base/welcomeView,runtime_copilot_base,False,,,False,0,0,passed,codegen,not_seen,0,,,0,0,0,0,0,0,not_seen,0
runtime_declarative_card/cardGrid,runtime_declarative_card,False,,,False,0,0,passed,codegen,not_seen,0,,,0,0,0,0,0,0,not_seen,0
runtime_declarative_card/cardbutton,runtime_declarative_card,False,,,False,0,0,passed,codegen,not_seen,0,,,0,0,0,0,0,0,not_seen,0
runtime_declarative_card/cardicon,runtime_declarative_card,False,,,False,0,0,passed,codegen,not_seen,0,,,0,0,0,0,0,0,not_seen,0
runtime_declarative_card/cardimage,runtime_declarative_card,False,,,False,0,0,passed,codegen,not_seen,0,,,0,0,0,0,0,0,not_seen,0
runtime_declarative_card/cardtext,runtime_declarative_card,False,,,False,0,0,passed,codegen,not_seen,0,,,0,0,0,0,0,0,not_seen,0
runtime_declarative_card/gridColumn,runtime_declarative_card,False,,,False,0,0,passed,codegen,not_seen,0,,,0,0,0,0,0,0,not_seen,0
runtime_enablement/programAssignment,runtime_enablement,True,True,,True,5,0,passed,codegen,not_seen,0,,,0,0,0,0,0,0,not_seen,0
runtime_rpa/appHome,runtime_rpa,False,,,False,0,0,passed,codegen,not_seen,0,,,0,0,0,0,0,0,not_seen,0
runtime_rpa/appPage,runtime_rpa,True,True,,True,3,0,passed,codegen,not_seen,0,,,0,0,0,0,0,0,not_seen,0
runtime_rpa/baseListActions,runtime_rpa,False,,,False,0,0,passed,codegen,not_seen,0,,,0,0,0,0,0,0,not_seen,0
runtime_rpa/baseListActionsWithTooltip,runtime_rpa,False,,,False,0,0,passed,codegen,not_seen,0,,,0,0,0,0,0,0,not_seen,0
runtime_rpa/credentialForm,runtime_rpa,False,,,False,0,0,passed,codegen,not_seen,0,,,0,0,0,0,0,0,not_seen,0
runtime_rpa/credentialFormParameter,runtime_rpa,False,,,False,0,0,passed,codegen,not_seen,0,,,0,0,0,0,0,0,not_seen,0
runtime_rpa/credentialListActions,runtime_rpa,False,,,False,0,0,passed,codegen,not_seen,0,,,0,0,0,0,0,0,not_seen,0
runtime_rpa/emptyState,runtime_rpa,False,,,False,0,0,passed,codegen,not_seen,0,,,0,0,0,0,0,0,not_seen,0
runtime_rpa/maintenanceTimeListActions,runtime_rpa,False,,,False,0,0,passed,codegen,not_seen,0,,,0,0,0,0,0,0,not_seen,0
runtime_rpa/manageRobots,runtime_rpa,False,,,False,0,0,passed,codegen,not_seen,0,,,0,0,0,0,0,0,not_seen,0
runtime_rpa/robotCreateModal,runtime_rpa,False,,,False,0,0,passed,codegen,not_seen,0,,,0,0,0,0,0,0,not_seen,0
runtime_rpa/robotDetailsConfigureStep,runtime_rpa,False,,,False,0,0,passed,codegen,not_seen,0,,,0,0,0,0,0,0,not_seen,0
runtime_rpa/robotDetailsInstallStep,runtime_rpa,False,,,False,0,0,passed,codegen,not_seen,0,,,0,0,0,0,0,0,not_seen,0
runtime_rpa/robotDetailsWrapper,runtime_rpa,False,,,False,0,0,passed,codegen,not_seen,0,,,0,0,0,0,0,0,not_seen,0
runtime_rpa/robotEdit,runtime_rpa,False,,,False,0,0,passed,codegen,not_seen,0,,,0,0,0,0,0,0,not_seen,0
runtime_rpa/robotForm,runtime_rpa,False,,,False,0,0,passed,codegen,not_seen,0,,,0,0,0,0,0,0,not_seen,0
runtime_rpa/robotPoolAssignedRobotEditor,runtime_rpa,False,,,False,0,0,passed,codegen,not_seen,0,,,0,0,0,0,0,0,not_seen,0
runtime_rpa/robotPoolCreateModal,runtime_rpa,False,,,False,0,0,passed,codegen,not_seen,0,,,0,0,0,0,0,0,not_seen,0
runtime_rpa/robotPoolDetailEditor,runtime_rpa,False,,,False,0,0,passed,codegen,not_seen,0,,,0,0,0,0,0,0,not_seen,0
runtime_rpa/robotPoolEdit,runtime_rpa,False,,,False,0,0,passed,codegen,not_seen,0,,,0,0,0,0,0,0,not_seen,0
runtime_rpa/robotPoolEditor,runtime_rpa,False,,,False,0,0,passed,codegen,not_seen,0,,,0,0,0,0,0,0,not_seen,0
runtime_rpa/robotPoolListActions,runtime_rpa,False,,,False,0,0,passed,codegen,not_seen,0,,,0,0,0,0,0,0,not_seen,0
runtime_rpa/rpaPageHeader,runtime_rpa,False,,,False,0,0,passed,codegen,not_seen,0,,,0,0,0,0,0,0,not_seen,0
runtime_rpa/welcomeModal,runtime_rpa,False,,,False,0,0,passed,codegen,not_seen,0,,,0,0,0,0,0,0,not_seen,0
runtime_rpa/windowsUserAccountForm,runtime_rpa,False,,,False,0,0,passed,codegen,not_seen,0,,,0,0,0,0,0,0,not_seen,0
runtime_rpa/windowsUserAccountListActions,runtime_rpa,False,,,False,0,0,passed,codegen,not_seen,0,,,0,0,0,0,0,0,not_seen,0
runtime_sales/lightningPrimitiveBubble,runtime_sales,True,True,,True,6,0,passed,codegen,passed,4,"cdp,webdriver","console,home",4,0,0,12,0,4,not_seen,0
runtime_sales/path,runtime_sales,True,True,,True,1,0,passed,codegen,not_seen,0,,,0,0,0,0,0,0,not_seen,0
runtime_sales/pathAssistantBody,runtime_sales,False,,,False,0,0,passed,codegen,not_seen,0,,,0,0,0,0,0,0,not_seen,0
runtime_sales/pathAssistantTab,runtime_sales,False,,,False,0,0,passed,codegen,not_seen,0,,,0,0,0,0,0,0,not_seen,0
runtime_sales/pathAssistantTabSet,runtime_sales,False,,,False,0,0,passed,codegen,not_seen,0,,,0,0,0,0,0,0,not_seen,0
runtime_sales/pathBody,runtime_sales,True,True,,True,1,0,passed,codegen,not_seen,0,,,0,0,0,0,0,0,not_seen,0
runtime_sales/pathClosedStageModal,runtime_sales,True,True,,True,2,0,passed,codegen,not_seen,0,,,0,0,0,0,0,0,not_seen,0
runtime_sales/pathFields,runtime_sales,True,True,,True,1,0,passed,codegen,not_seen,0,,,0,0,0,0,0,0,not_seen,0
runtime_sales/pathGuidance,runtime_sales,True,True,,True,1,0,passed,codegen,not_seen,0,,,0,0,0,0,0,0,not_seen,0
runtime_sales/pathStep,runtime_sales,True,True,,True,8,1,passed,codegen,not_seen,0,,,0,0,0,0,0,0,not_seen,0
runtime_sales/pathTrack,runtime_sales,True,True,,True,1,0,passed,codegen,not_seen,0,,,0,0,0,0,0,0,not_seen,0
runtime_sales/pathTrackScroller,runtime_sales,True,True,,True,1,0,passed,codegen,not_seen,0,,,0,0,0,0,0,0,not_seen,0
runtime_sales/pathassistantCollapsibleDrawer,runtime_sales,True,True,,True,5,2,passed,codegen,not_seen,0,,,0,0,0,0,0,0,not_seen,0
runtime_sales_cadencebuilder/actions,runtime_sales_cadencebuilder,True,True,,True,2,1,passed,codegen,not_seen,0,,,0,0,0,0,0,0,not_seen,0
runtime_sales_cadencebuilder/cadenceBuilderCanvas,runtime_sales_cadencebuilder,True,True,,True,4,0,passed,codegen,not_seen,0,,,0,0,0,0,0,0,not_seen,0
runtime_sales_cadencebuilder/cadenceBuilderPalette,runtime_sales_cadencebuilder,False,,,False,0,0,passed,codegen,not_seen,0,,,0,0,0,0,0,0,not_seen,0
runtime_sales_cadencebuilder/cadenceStepBlock,runtime_sales_cadencebuilder,False,,,False,0,0,passed,codegen,not_seen,0,,,0,0,0,0,0,0,not_seen,0
runtime_sales_cadencebuilder/cadenceTrack,runtime_sales_cadencebuilder,False,,,False,0,0,passed,codegen,not_seen,0,,,0,0,0,0,0,0,not_seen,0
runtime_sales_cadencebuilder/createEditCadenceV2,runtime_sales_cadencebuilder,True,True,,True,1,0,passed,codegen,not_seen,0,,,0,0,0,0,0,0,not_seen,0
runtime_sales_opportunitysplit/editProductSplitsModal,runtime_sales_opportunitysplit,True,True,,True,2,0,passed,codegen,not_seen,0,,,0,0,0,0,0,0,not_seen,0
runtime_sales_opportunitysplit/opportunityLineItemSplit,runtime_sales_opportunitysplit,True,True,,True,5,0,passed,codegen,not_seen,0,,,0,0,0,0,0,0,not_seen,0
runtime_sales_opportunitysplit/opportunityLineItemSplitDatatable,runtime_sales_opportunitysplit,False,,,False,0,0,passed,codegen,not_seen,0,,,0,0,0,0,0,0,not_seen,0
runtime_sales_setup/pathAssistantSetupIframe,runtime_sales_setup,True,True,,True,1,0,passed,codegen,not_seen,0,,,0,0,0,0,0,0,not_seen,0
runtime_sales_setup/pathAssistantSetupPage,runtime_sales_setup,True,True,,True,2,0,passed,codegen,not_seen,0,,,0,0,0,0,0,0,not_seen,0
runtime_thp_cms/inputSection,runtime_thp_cms,False,,,False,0,0,passed,codegen,not_seen,0,,,0,0,0,0,0,0,not_seen,0
sales/gencanvas/tileFooter,sales,False,,,False,0,0,passed,codegen,not_seen,0,,,0,0,0,0,0,0,not_seen,0
sales/gencanvas/tileMeetingGoalsComposer,sales,False,,,False,0,0,passed,codegen,not_seen,0,,,0,0,0,0,0,0,not_seen,0
sales/gencanvas/tileOpportunityCard,sales,False,,,False,0,0,passed,codegen,not_seen,0,,,0,0,0,0,0,0,not_seen,0
salesforceapp/chatter/chatterDetail,salesforceapp,True,True,,True,6,2,passed,codegen,not_seen,0,,,0,0,0,0,0,0,not_seen,0
salesforceapp/chatter/chatterDetailAndroid,salesforceapp,True,True,,True,6,2,passed,codegen,not_seen,0,,,0,0,0,0,0,0,not_seen,0
salesforceapp/chatter/chatterDetailiOS,salesforceapp,True,True,,True,6,2,passed,codegen,not_seen,0,,,0,0,0,0,0,0,not_seen,0
salesforceapp/chatter/chatterMain,salesforceapp,True,True,,True,2,0,passed,codegen,not_seen,0,,,0,0,0,0,0,0,not_seen,0
salesforceapp/chatter/chatterMainAndroid,salesforceapp,True,True,,True,2,0,passed,codegen,not_seen,0,,,0,0,0,0,0,0,not_seen,0
salesforceapp/chatter/chatterMainiOS,salesforceapp,True,True,,True,2,0,passed,codegen,not_seen,0,,,0,0,0,0,0,0,not_seen,0
salesforceapp/chatter/chatterPostCell,salesforceapp,False,,,False,0,0,passed,codegen,not_seen,0,,,0,0,0,0,0,0,not_seen,0
salesforceapp/chatter/chatterPostCellAndroid,salesforceapp,False,,,False,0,0,passed,codegen,not_seen,0,,,0,0,0,0,0,0,not_seen,0
salesforceapp/chatter/chatterPostCelliOS,salesforceapp,False,,,False,0,0,passed,codegen,not_seen,0,,,0,0,0,0,0,0,not_seen,0
salesforceapp/chatter/postPublisher,salesforceapp,True,True,,True,3,2,passed,codegen,not_seen,0,,,0,0,0,0,0,0,not_seen,0
salesforceapp/chatter/postPublisherAndroid,salesforceapp,True,True,,True,3,2,passed,codegen,not_seen,0,,,0,0,0,0,0,0,not_seen,0
salesforceapp/chatter/postPublisheriOS,salesforceapp,True,True,,True,3,2,passed,codegen,not_seen,0,,,0,0,0,0,0,0,not_seen,0
salesforceapp/mobilehome/addCardList,salesforceapp,True,True,,True,1,1,passed,codegen,not_seen,0,,,0,0,0,0,0,0,not_seen,0
salesforceapp/mobilehome/addCardListAndroid,salesforceapp,True,True,,True,1,1,passed,codegen,not_seen,0,,,0,0,0,0,0,0,not_seen,0
salesforceapp/mobilehome/addCardListiOS,salesforceapp,True,True,,True,1,1,passed,codegen,not_seen,0,,,0,0,0,0,0,0,not_seen,0
salesforceapp/mobilehome/editHome,salesforceapp,True,True,,True,6,1,passed,codegen,not_seen,0,,,0,0,0,0,0,0,not_seen,0
salesforceapp/mobilehome/editHomeAndroid,salesforceapp,True,True,,True,6,1,passed,codegen,not_seen,0,,,0,0,0,0,0,0,not_seen,0
salesforceapp/mobilehome/editHomeiOS,salesforceapp,True,True,,True,6,1,passed,codegen,not_seen,0,,,0,0,0,0,0,0,not_seen,0
salesforceapp/mobilehome/homeCardList,salesforceapp,False,,,False,0,0,passed,codegen,not_seen,0,,,0,0,0,0,0,0,not_seen,0
salesforceapp/mobilehome/homeCardListAndroid,salesforceapp,False,,,False,0,0,passed,codegen,not_seen,0,,,0,0,0,0,0,0,not_seen,0
salesforceapp/mobilehome/homeCardListiOS,salesforceapp,False,,,False,0,0,passed,codegen,not_seen,0,,,0,0,0,0,0,0,not_seen,0
salesforceapp/mobilehome/mobileHome,salesforceapp,True,True,,True,5,0,passed,codegen,not_seen,0,,,0,0,0,0,0,0,not_seen,0
salesforceapp/mobilehome/mobileHomeAndroid,salesforceapp,True,True,,True,5,0,passed,codegen,not_seen,0,,,0,0,0,0,0,0,not_seen,0
salesforceapp/mobilehome/mobileHomeiOS,salesforceapp,True,True,,True,5,0,passed,codegen,not_seen,0,,,0,0,0,0,0,0,not_seen,0
salesforceapp/navigation/allItemsNav,salesforceapp,True,True,,True,2,0,passed,codegen,not_seen,0,,,0,0,0,0,0,0,not_seen,0
salesforceapp/navigation/allItemsNavAndroid,salesforceapp,True,True,,True,2,0,passed,codegen,not_seen,0,,,0,0,0,0,0,0,not_seen,0
salesforceapp/navigation/allItemsNaviOS,salesforceapp,True,True,,True,2,0,passed,codegen,not_seen,0,,,0,0,0,0,0,0,not_seen,0
salesforceapp/navigation/appItemsList,salesforceapp,False,,,False,0,0,passed,codegen,not_seen,0,,,0,0,0,0,0,0,not_seen,0
salesforceapp/navigation/appItemsListAndroid,salesforceapp,False,,,False,0,0,passed,codegen,not_seen,0,,,0,0,0,0,0,0,not_seen,0
salesforceapp/navigation/appItemsListiOS,salesforceapp,False,,,False,0,0,passed,codegen,not_seen,0,,,0,0,0,0,0,0,not_seen,0
salesforceapp/navigation/appLauncherNav,salesforceapp,True,True,,True,2,0,passed,codegen,not_seen,0,,,0,0,0,0,0,0,not_seen,0
salesforceapp/navigation/appLauncherNavAndroid,salesforceapp,True,True,,True,2,0,passed,codegen,not_seen,0,,,0,0,0,0,0,0,not_seen,0
salesforceapp/navigation/appLauncherNaviOS,salesforceapp,True,True,,True,2,0,passed,codegen,not_seen,0,,,0,0,0,0,0,0,not_seen,0
salesforceapp/navigation/globalSearch,salesforceapp,True,True,,True,2,0,passed,codegen,not_seen,0,,,0,0,0,0,0,0,not_seen,0
salesforceapp/navigation/globalSearchAndroid,salesforceapp,True,True,,True,2,0,passed,codegen,not_seen,0,,,0,0,0,0,0,0,not_seen,0
salesforceapp/navigation/globalSearchiOS,salesforceapp,True,True,,True,2,0,passed,codegen,not_seen,0,,,0,0,0,0,0,0,not_seen,0
salesforceapp/navigation/navBar,salesforceapp,True,True,,True,11,1,passed,codegen,not_seen,0,,,0,0,0,0,0,0,not_seen,0
salesforceapp/navigation/navBarAndroid,salesforceapp,True,True,,True,11,1,passed,codegen,not_seen,0,,,0,0,0,0,0,0,not_seen,0
salesforceapp/navigation/navBarOverflowMenu,salesforceapp,True,True,,True,4,0,passed,codegen,not_seen,0,,,0,0,0,0,0,0,not_seen,0
salesforceapp/navigation/navBarOverflowMenuAndroid,salesforceapp,True,True,,True,4,0,passed,codegen,not_seen,0,,,0,0,0,0,0,0,not_seen,0
salesforceapp/navigation/navBariOS,salesforceapp,True,True,,True,11,1,passed,codegen,not_seen,0,,,0,0,0,0,0,0,not_seen,0
salesforceapp/navigation/navItemsList,salesforceapp,False,,,False,0,0,passed,codegen,not_seen,0,,,0,0,0,0,0,0,not_seen,0
salesforceapp/navigation/navItemsListAndroid,salesforceapp,False,,,False,0,0,passed,codegen,not_seen,0,,,0,0,0,0,0,0,not_seen,0
salesforceapp/navigation/navItemsListiOS,salesforceapp,False,,,False,0,0,passed,codegen,not_seen,0,,,0,0,0,0,0,0,not_seen,0
salesforceapp/navigation/navMenu,salesforceapp,True,True,,True,4,0,passed,codegen,not_seen,0,,,0,0,0,0,0,0,not_seen,0
salesforceapp/navigation/navMenuAndroid,salesforceapp,True,True,,True,4,0,passed,codegen,not_seen,0,,,0,0,0,0,0,0,not_seen,0
salesforceapp/navigation/navMenuiOS,salesforceapp,True,True,,True,4,0,passed,codegen,not_seen,0,,,0,0,0,0,0,0,not_seen,0
salesforceapp/navigation/navTabBar,salesforceapp,True,True,,True,4,2,passed,codegen,not_seen,0,,,0,0,0,0,0,0,not_seen,0
salesforceapp/navigation/navTabBarAndroid,salesforceapp,True,True,,True,4,2,passed,codegen,not_seen,0,,,0,0,0,0,0,0,not_seen,0
salesforceapp/navigation/navTabBariOS,salesforceapp,True,True,,True,4,2,passed,codegen,not_seen,0,,,0,0,0,0,0,0,not_seen,0
salesforceapp/navigation/profileMenuNav,salesforceapp,True,True,,True,11,0,passed,codegen,not_seen,0,,,0,0,0,0,0,0,not_seen,0
salesforceapp/navigation/profileMenuNavAndroid,salesforceapp,True,True,,True,11,0,passed,codegen,not_seen,0,,,0,0,0,0,0,0,not_seen,0
salesforceapp/navigation/profileMenuNaviOS,salesforceapp,True,True,,True,11,0,passed,codegen,not_seen,0,,,0,0,0,0,0,0,not_seen,0
salesforceapp/navigation/reportHomeNavBar,salesforceapp,True,True,,True,2,0,passed,codegen,not_seen,0,,,0,0,0,0,0,0,not_seen,0
salesforceapp/navigation/reportHomeNavBarAndroid,salesforceapp,True,True,,True,2,0,passed,codegen,not_seen,0,,,0,0,0,0,0,0,not_seen,0
salesforceapp/navigation/reportHomeNavBariOS,salesforceapp,True,True,,True,2,0,passed,codegen,not_seen,0,,,0,0,0,0,0,0,not_seen,0
salesforceapp/navigation/searchBar,salesforceapp,False,,,False,0,0,passed,codegen,not_seen,0,,,0,0,0,0,0,0,not_seen,0
salesforceapp/navigation/searchBarAndroid,salesforceapp,False,,,False,0,0,passed,codegen,not_seen,0,,,0,0,0,0,0,0,not_seen,0
salesforceapp/navigation/searchBariOS,salesforceapp,False,,,False,0,0,passed,codegen,not_seen,0,,,0,0,0,0,0,0,not_seen,0
salesforceapp/offlineapp/appSwitchingFlash,salesforceapp,True,True,,True,1,0,passed,codegen,not_seen,0,,,0,0,0,0,0,0,not_seen,0
salesforceapp/offlineapp/appSwitchingFlashAndroid,salesforceapp,True,True,,True,1,0,passed,codegen,not_seen,0,,,0,0,0,0,0,0,not_seen,0
salesforceapp/offlineapp/appSwitchingFlashiOS,salesforceapp,True,True,,True,1,0,passed,codegen,not_seen,0,,,0,0,0,0,0,0,not_seen,0
salesforceapp/offlineapp/briefcase,salesforceapp,True,True,,True,8,0,passed,codegen,not_seen,0,,,0,0,0,0,0,0,not_seen,0
salesforceapp/offlineapp/briefcaseAndroid,salesforceapp,True,True,,True,8,0,passed,codegen,not_seen,0,,,0,0,0,0,0,0,not_seen,0
salesforceapp/offlineapp/briefcaseSummary,salesforceapp,False,,,False,0,0,passed,codegen,not_seen,0,,,0,0,0,0,0,0,not_seen,0
salesforceapp/offlineapp/briefcaseSummaryAndroid,salesforceapp,False,,,False,0,0,passed,codegen,not_seen,0,,,0,0,0,0,0,0,not_seen,0
salesforceapp/offlineapp/briefcaseSummaryiOS,salesforceapp,False,,,False,0,0,passed,codegen,not_seen,0,,,0,0,0,0,0,0,not_seen,0
salesforceapp/offlineapp/briefcaseiOS,salesforceapp,True,True,,True,8,0,passed,codegen,not_seen,0,,,0,0,0,0,0,0,not_seen,0
salesforceapp/offlineapp/draftList,salesforceapp,True,True,,True,3,1,passed,codegen,not_seen,0,,,0,0,0,0,0,0,not_seen,0
salesforceapp/offlineapp/draftListAndroid,salesforceapp,True,True,,True,3,1,passed,codegen,not_seen,0,,,0,0,0,0,0,0,not_seen,0
salesforceapp/offlineapp/draftListiOS,salesforceapp,True,True,,True,3,1,passed,codegen,not_seen,0,,,0,0,0,0,0,0,not_seen,0
salesforceapp/offlineapp/draftRow,salesforceapp,False,,,False,0,0,passed,codegen,not_seen,0,,,0,0,0,0,0,0,not_seen,0
salesforceapp/offlineapp/draftRowAndroid,salesforceapp,False,,,False,0,0,passed,codegen,not_seen,0,,,0,0,0,0,0,0,not_seen,0
salesforceapp/offlineapp/draftRowiOS,salesforceapp,False,,,False,0,0,passed,codegen,not_seen,0,,,0,0,0,0,0,0,not_seen,0
salesforceapp/offlineapp/draftSummary,salesforceapp,False,,,False,0,0,passed,codegen,not_seen,0,,,0,0,0,0,0,0,not_seen,0
salesforceapp/offlineapp/draftSummaryAndroid,salesforceapp,False,,,False,0,0,passed,codegen,not_seen,0,,,0,0,0,0,0,0,not_seen,0
salesforceapp/offlineapp/draftSummaryiOS,salesforceapp,False,,,False,0,0,passed,codegen,not_seen,0,,,0,0,0,0,0,0,not_seen,0
salesforceapp/offlineapp/landingPage,salesforceapp,True,True,,True,7,2,passed,codegen,not_seen,0,,,0,0,0,0,0,0,not_seen,0
salesforceapp/offlineapp/landingPageActionItem,salesforceapp,False,,,False,0,0,passed,codegen,not_seen,0,,,0,0,0,0,0,0,not_seen,0
salesforceapp/offlineapp/landingPageActionItemAndroid,salesforceapp,False,,,False,0,0,passed,codegen,not_seen,0,,,0,0,0,0,0,0,not_seen,0
salesforceapp/offlineapp/landingPageActionItemiOS,salesforceapp,False,,,False,0,0,passed,codegen,not_seen,0,,,0,0,0,0,0,0,not_seen,0
salesforceapp/offlineapp/landingPageActionList,salesforceapp,False,,,False,0,0,passed,codegen,not_seen,0,,,0,0,0,0,0,0,not_seen,0
salesforceapp/offlineapp/landingPageActionListAndroid,salesforceapp,False,,,False,0,0,passed,codegen,not_seen,0,,,0,0,0,0,0,0,not_seen,0
salesforceapp/offlineapp/landingPageActionListiOS,salesforceapp,False,,,False,0,0,passed,codegen,not_seen,0,,,0,0,0,0,0,0,not_seen,0
salesforceapp/offlineapp/landingPageActionRow,salesforceapp,False,,,False,0,0,passed,codegen,not_seen,0,,,0,0,0,0,0,0,not_seen,0
salesforceapp/offlineapp/landingPageActionRowAndroid,salesforceapp,False,,,False,0,0,passed,codegen,not_seen,0,,,0,0,0,0,0,0,not_seen,0
salesforceapp/offlineapp/landingPageActionRowiOS,salesforceapp,False,,,False,0,0,passed,codegen,not_seen,0,,,0,0,0,0,0,0,not_seen,0
salesforceapp/offlineapp/landingPageAndroid,salesforceapp,True,True,,True,7,2,passed,codegen,not_seen,0,,,0,0,0,0,0,0,not_seen,0
salesforceapp/offlineapp/landingPageCard,salesforceapp,False,,,False,0,0,passed,codegen,not_seen,0,,,0,0,0,0,0,0,not_seen,0
salesforceapp/offlineapp/landingPageCardAndroid,salesforceapp,False,,,False,0,0,passed,codegen,not_seen,0,,,0,0,0,0,0,0,not_seen,0
salesforceapp/offlineapp/landingPageCardiOS,salesforceapp,False,,,False,0,0,passed,codegen,not_seen,0,,,0,0,0,0,0,0,not_seen,0
salesforceapp/offlineapp/landingPageiOS,salesforceapp,True,True,,True,7,2,passed,codegen,not_seen,0,,,0,0,0,0,0,0,not_seen,0
salesforceapp/offlineapp/offlineNavBar,salesforceapp,True,True,,True,4,1,passed,codegen,not_seen,0,,,0,0,0,0,0,0,not_seen,0
salesforceapp/offlineapp/offlineNavBarAndroid,salesforceapp,True,True,,True,4,1,passed,codegen,not_seen,0,,,0,0,0,0,0,0,not_seen,0
salesforceapp/offlineapp/offlineNavBariOS,salesforceapp,True,True,,True,4,1,passed,codegen,not_seen,0,,,0,0,0,0,0,0,not_seen,0
salesforceapp/offlineapp/offlineObjectHome,salesforceapp,True,True,,True,4,0,passed,codegen,not_seen,0,,,0,0,0,0,0,0,not_seen,0
salesforceapp/offlineapp/offlineObjectHomeAndroid,salesforceapp,True,True,,True,4,0,passed,codegen,not_seen,0,,,0,0,0,0,0,0,not_seen,0
salesforceapp/offlineapp/offlineObjectHomeiOS,salesforceapp,True,True,,True,4,0,passed,codegen,not_seen,0,,,0,0,0,0,0,0,not_seen,0
salesforceapp/offlineapp/offlineObjectList,salesforceapp,False,,,False,0,0,passed,codegen,not_seen,0,,,0,0,0,0,0,0,not_seen,0
salesforceapp/offlineapp/offlineObjectListAndroid,salesforceapp,False,,,False,0,0,passed,codegen,not_seen,0,,,0,0,0,0,0,0,not_seen,0
salesforceapp/offlineapp/offlineObjectListiOS,salesforceapp,False,,,False,0,0,passed,codegen,not_seen,0,,,0,0,0,0,0,0,not_seen,0
salesforceapp/offlineapp/offlineObjectRow,salesforceapp,False,,,False,0,0,passed,codegen,not_seen,0,,,0,0,0,0,0,0,not_seen,0
salesforceapp/offlineapp/offlineObjectRowAndroid,salesforceapp,False,,,False,0,0,passed,codegen,not_seen,0,,,0,0,0,0,0,0,not_seen,0
salesforceapp/offlineapp/offlineObjectRowiOS,salesforceapp,False,,,False,0,0,passed,codegen,not_seen,0,,,0,0,0,0,0,0,not_seen,0
salesforceapp/offlineapp/offlineProfileMenu,salesforceapp,True,True,,True,3,0,passed,codegen,not_seen,0,,,0,0,0,0,0,0,not_seen,0
salesforceapp/offlineapp/offlineProfileMenuAndroid,salesforceapp,True,True,,True,3,0,passed,codegen,not_seen,0,,,0,0,0,0,0,0,not_seen,0
salesforceapp/offlineapp/offlineProfileMenuiOS,salesforceapp,True,True,,True,3,0,passed,codegen,not_seen,0,,,0,0,0,0,0,0,not_seen,0
salesforceapp/offlineapp/offlineRecordList,salesforceapp,False,,,False,0,0,passed,codegen,not_seen,0,,,0,0,0,0,0,0,not_seen,0
salesforceapp/offlineapp/offlineRecordListAndroid,salesforceapp,False,,,False,0,0,passed,codegen,not_seen,0,,,0,0,0,0,0,0,not_seen,0
salesforceapp/offlineapp/offlineRecordListiOS,salesforceapp,False,,,False,0,0,passed,codegen,not_seen,0,,,0,0,0,0,0,0,not_seen,0
salesforceapp/offlineapp/offlineRecordRow,salesforceapp,False,,,False,0,0,passed,codegen,not_seen,0,,,0,0,0,0,0,0,not_seen,0
salesforceapp/offlineapp/offlineRecordRowAndroid,salesforceapp,False,,,False,0,0,passed,codegen,not_seen,0,,,0,0,0,0,0,0,not_seen,0
salesforceapp/offlineapp/offlineRecordRowiOS,salesforceapp,False,,,False,0,0,passed,codegen,not_seen,0,,,0,0,0,0,0,0,not_seen,0
salesforceapp/offlineapp/offlineSearch,salesforceapp,True,True,,True,4,1,passed,codegen,not_seen,0,,,0,0,0,0,0,0,not_seen,0
salesforceapp/offlineapp/offlineSearchAndroid,salesforceapp,True,True,,True,4,1,passed,codegen,not_seen,0,,,0,0,0,0,0,0,not_seen,0
salesforceapp/offlineapp/offlineSearchiOS,salesforceapp,True,True,,True,4,1,passed,codegen,not_seen,0,,,0,0,0,0,0,0,not_seen,0
salesforceapp/record/actionBar,salesforceapp,True,True,,True,4,2,passed,codegen,not_seen,0,,,0,0,0,0,0,0,not_seen,0
salesforceapp/record/actionBarAndroid,salesforceapp,True,True,,True,4,2,passed,codegen,not_seen,0,,,0,0,0,0,0,0,not_seen,0
salesforceapp/record/actionBarOverflow,salesforceapp,True,True,,True,4,2,passed,codegen,not_seen,0,,,0,0,0,0,0,0,not_seen,0
salesforceapp/record/actionBarOverflowAndroid,salesforceapp,True,True,,True,4,2,passed,codegen,not_seen,0,,,0,0,0,0,0,0,not_seen,0
salesforceapp/record/actionBarOverflowiOS,salesforceapp,True,True,,True,4,2,passed,codegen,not_seen,0,,,0,0,0,0,0,0,not_seen,0
salesforceapp/record/actionBariOS,salesforceapp,True,True,,True,4,2,passed,codegen,not_seen,0,,,0,0,0,0,0,0,not_seen,0
salesforceapp/record/analyticsBrowse,salesforceapp,True,True,,True,8,4,passed,codegen,not_seen,0,,,0,0,0,0,0,0,not_seen,0
salesforceapp/record/analyticsBrowseAndroid,salesforceapp,True,True,,True,8,4,passed,codegen,not_seen,0,,,0,0,0,0,0,0,not_seen,0
salesforceapp/record/analyticsBrowseiOS,salesforceapp,True,True,,True,8,4,passed,codegen,not_seen,0,,,0,0,0,0,0,0,not_seen,0
salesforceapp/record/analyticsDashboard,salesforceapp,True,True,,True,7,3,passed,codegen,not_seen,0,,,0,0,0,0,0,0,not_seen,0
salesforceapp/record/analyticsDashboardAndroid,salesforceapp,True,True,,True,7,3,passed,codegen,not_seen,0,,,0,0,0,0,0,0,not_seen,0
salesforceapp/record/analyticsDashboardiOS,salesforceapp,True,True,,True,7,3,passed,codegen,not_seen,0,,,0,0,0,0,0,0,not_seen,0
salesforceapp/record/analyticsHome,salesforceapp,True,True,,True,1,0,passed,codegen,not_seen,0,,,0,0,0,0,0,0,not_seen,0
salesforceapp/record/analyticsHomeAndroid,salesforceapp,True,True,,True,1,0,passed,codegen,not_seen,0,,,0,0,0,0,0,0,not_seen,0
salesforceapp/record/analyticsHomeiOS,salesforceapp,True,True,,True,1,0,passed,codegen,not_seen,0,,,0,0,0,0,0,0,not_seen,0
salesforceapp/record/embeddedHalfSheet,salesforceapp,True,True,,True,4,0,passed,codegen,not_seen,0,,,0,0,0,0,0,0,not_seen,0
salesforceapp/record/embeddedHalfSheetAndroid,salesforceapp,True,True,,True,4,0,passed,codegen,not_seen,0,,,0,0,0,0,0,0,not_seen,0
salesforceapp/record/embeddedHalfSheetiOS,salesforceapp,True,True,,True,4,0,passed,codegen,not_seen,0,,,0,0,0,0,0,0,not_seen,0
salesforceapp/record/eventObjectHome,salesforceapp,True,True,,True,0,0,passed,codegen,not_seen,0,,,0,0,0,0,0,0,not_seen,0
salesforceapp/record/eventObjectHomeAndroid,salesforceapp,True,True,,True,0,0,passed,codegen,not_seen,0,,,0,0,0,0,0,0,not_seen,0
salesforceapp/record/eventObjectHomeiOS,salesforceapp,True,True,,True,0,0,passed,codegen,not_seen,0,,,0,0,0,0,0,0,not_seen,0
salesforceapp/record/favorite,salesforceapp,True,True,,True,2,0,passed,codegen,not_seen,0,,,0,0,0,0,0,0,not_seen,0
salesforceapp/record/favoriteAndroid,salesforceapp,True,True,,True,2,0,passed,codegen,not_seen,0,,,0,0,0,0,0,0,not_seen,0
salesforceapp/record/favoriteList,salesforceapp,False,,,False,0,0,passed,codegen,not_seen,0,,,0,0,0,0,0,0,not_seen,0
salesforceapp/record/favoriteListAndroid,salesforceapp,False,,,False,0,0,passed,codegen,not_seen,0,,,0,0,0,0,0,0,not_seen,0
salesforceapp/record/favoriteListiOS,salesforceapp,False,,,False,0,0,passed,codegen,not_seen,0,,,0,0,0,0,0,0,not_seen,0
salesforceapp/record/favoriteSearchBar,salesforceapp,False,,,False,0,0,passed,codegen,not_seen,0,,,0,0,0,0,0,0,not_seen,0
salesforceapp/record/favoriteSearchBarAndroid,salesforceapp,False,,,False,0,0,passed,codegen,not_seen,0,,,0,0,0,0,0,0,not_seen,0
salesforceapp/record/favoriteSearchBariOS,salesforceapp,False,,,False,0,0,passed,codegen,not_seen,0,,,0,0,0,0,0,0,not_seen,0
salesforceapp/record/favoriteiOS,salesforceapp,True,True,,True,2,0,passed,codegen,not_seen,0,,,0,0,0,0,0,0,not_seen,0
salesforceapp/record/listCardList,salesforceapp,True,True,,True,0,0,passed,codegen,not_seen,0,,,0,0,0,0,0,0,not_seen,0
salesforceapp/record/objectAllLists,salesforceapp,True,True,,True,6,3,passed,codegen,not_seen,0,,,0,0,0,0,0,0,not_seen,0
salesforceapp/record/objectAllListsAndroid,salesforceapp,True,True,,True,6,3,passed,codegen,not_seen,0,,,0,0,0,0,0,0,not_seen,0
salesforceapp/record/objectAllListsiOS,salesforceapp,True,True,,True,6,3,passed,codegen,not_seen,0,,,0,0,0,0,0,0,not_seen,0
salesforceapp/record/objectHome,salesforceapp,True,True,,True,11,4,passed,codegen,not_seen,0,,,0,0,0,0,0,0,not_seen,0
salesforceapp/record/objectHomeAndroid,salesforceapp,True,True,,True,11,4,passed,codegen,not_seen,0,,,0,0,0,0,0,0,not_seen,0
salesforceapp/record/objectHomeNoList,salesforceapp,True,True,,True,7,2,passed,codegen,not_seen,0,,,0,0,0,0,0,0,not_seen,0
salesforceapp/record/objectHomeNoListAndroid,salesforceapp,True,True,,True,7,2,passed,codegen,not_seen,0,,,0,0,0,0,0,0,not_seen,0
salesforceapp/record/objectHomeNoListiOS,salesforceapp,True,True,,True,7,2,passed,codegen,not_seen,0,,,0,0,0,0,0,0,not_seen,0
salesforceapp/record/objectHomeiOS,salesforceapp,True,True,,True,11,4,passed,codegen,not_seen,0,,,0,0,0,0,0,0,not_seen,0
salesforceapp/record/recordTypePicker,salesforceapp,True,True,,True,3,2,passed,codegen,not_seen,0,,,0,0,0,0,0,0,not_seen,0
salesforceapp/record/recordTypePickerAndroid,salesforceapp,True,True,,True,3,2,passed,codegen,not_seen,0,,,0,0,0,0,0,0,not_seen,0
salesforceapp/record/recordTypePickeriPad,salesforceapp,True,True,,True,3,2,passed,codegen,not_seen,0,,,0,0,0,0,0,0,not_seen,0
salesforceapp/record/recordTypePickeriPhone,salesforceapp,True,True,,True,3,2,passed,codegen,not_seen,0,,,0,0,0,0,0,0,not_seen,0
salesforceapp/record/reportCardSearchBar,salesforceapp,True,True,,True,2,2,passed,codegen,not_seen,0,,,0,0,0,0,0,0,not_seen,0
salesforceapp/record/reportCardSearchBarAndroid,salesforceapp,True,True,,True,2,2,passed,codegen,not_seen,0,,,0,0,0,0,0,0,not_seen,0
salesforceapp/record/reportCardSearchBariOS,salesforceapp,True,True,,True,2,2,passed,codegen,not_seen,0,,,0,0,0,0,0,0,not_seen,0
salesforceapp/record/reportHome,salesforceapp,True,True,,True,2,0,passed,codegen,not_seen,0,,,0,0,0,0,0,0,not_seen,0
salesforceapp/record/reportHomeAndroid,salesforceapp,True,True,,True,2,0,passed,codegen,not_seen,0,,,0,0,0,0,0,0,not_seen,0
salesforceapp/record/reportHomeiOS,salesforceapp,True,True,,True,2,0,passed,codegen,not_seen,0,,,0,0,0,0,0,0,not_seen,0
salesforceapp/record/reportSummary,salesforceapp,False,,,False,0,0,passed,codegen,not_seen,0,,,0,0,0,0,0,0,not_seen,0
salesforceapp/record/reportSummaryAndroid,salesforceapp,False,,,False,0,0,passed,codegen,not_seen,0,,,0,0,0,0,0,0,not_seen,0
salesforceapp/record/reportSummaryiOS,salesforceapp,False,,,False,0,0,passed,codegen,not_seen,0,,,0,0,0,0,0,0,not_seen,0
salesforceapp/record/reportTable,salesforceapp,False,,,False,0,0,passed,codegen,not_seen,0,,,0,0,0,0,0,0,not_seen,0
salesforceapp/record/reportTableAndroid,salesforceapp,False,,,False,0,0,passed,codegen,not_seen,0,,,0,0,0,0,0,0,not_seen,0
salesforceapp/record/reportTableiOS,salesforceapp,False,,,False,0,0,passed,codegen,not_seen,0,,,0,0,0,0,0,0,not_seen,0
salesforceapp/record/searchResult,salesforceapp,True,True,,True,5,3,passed,codegen,not_seen,0,,,0,0,0,0,0,0,not_seen,0
salesforceapp/record/searchResultAndroid,salesforceapp,True,True,,True,5,3,passed,codegen,not_seen,0,,,0,0,0,0,0,0,not_seen,0
salesforceapp/record/searchResultiOS,salesforceapp,True,True,,True,5,3,passed,codegen,not_seen,0,,,0,0,0,0,0,0,not_seen,0
salesforceapp/record/slidePanel,salesforceapp,True,True,,True,1,0,passed,codegen,passed,6,"cdp,webdriver","account_detail,console,home",0,0,0,6,0,0,not_seen,0
search/filters/filterInput,search,False,,,False,0,0,passed,codegen,not_seen,0,,,0,0,0,0,0,0,not_seen,0
search/filters/filtersForm,search,False,,,False,0,0,passed,codegen,not_seen,0,,,0,0,0,0,0,0,not_seen,0
search/filters/panel,search,True,True,,False,0,0,passed,codegen,not_seen,0,,,0,0,0,0,0,0,not_seen,0
search/filters/range,search,False,,,False,0,0,passed,codegen,not_seen,0,,,0,0,0,0,0,0,not_seen,0
search/filters/select,search,False,,,False,0,0,passed,codegen,not_seen,0,,,0,0,0,0,0,0,not_seen,0
search/filters/text,search,False,,,False,0,0,passed,codegen,not_seen,0,,,0,0,0,0,0,0,not_seen,0
setup/agenticListViewManager,setup,False,,,False,0,0,passed,codegen,not_seen,0,,,0,0,0,0,0,0,not_seen,0
setup/agenticSetupBroker,setup,False,,,False,0,0,passed,codegen,not_seen,0,,,0,0,0,0,0,0,not_seen,0
setup/agenticSetupChatView,setup,False,,,False,0,0,passed,codegen,not_seen,0,,,0,0,0,0,0,0,not_seen,0
setup/agenticSetupComponentPanel,setup,False,,,False,0,0,passed,codegen,not_seen,0,,,0,0,0,0,0,0,not_seen,0
setup/agenticSetupFloatingButton,setup,False,,,False,0,0,passed,codegen,not_seen,0,,,0,0,0,0,0,0,not_seen,0
setup/agenticSetupHome,setup,True,True,,True,21,0,passed,codegen,not_seen,0,,,0,0,0,0,0,0,not_seen,0
setup/agenticSetupHomeChatInput,setup,False,,,False,0,0,passed,codegen,not_seen,0,,,0,0,0,0,0,0,not_seen,0
setup/agenticSetupLoader,setup,False,,,False,0,0,passed,codegen,not_seen,0,,,0,0,0,0,0,0,not_seen,0
setup/agenticSetupLogo,setup,False,,,False,0,0,passed,codegen,not_seen,0,,,0,0,0,0,0,0,not_seen,0
setup/agenticSetupPageHeader,setup,False,,,False,0,0,passed,codegen,not_seen,0,,,0,0,0,0,0,0,not_seen,0
setup/agenticSetupPanelMessageBlock,setup,False,,,False,0,0,passed,codegen,not_seen,0,,,0,0,0,0,0,0,not_seen,0
setup/agenticSetupPills,setup,False,,,False,0,0,passed,codegen,not_seen,0,,,0,0,0,0,0,0,not_seen,0
setup/agenticSetupRecommendedUtterances,setup,False,,,False,0,0,passed,codegen,not_seen,0,,,0,0,0,0,0,0,not_seen,0
setup/assistantPageNavBar,setup,False,,,False,0,0,passed,codegen,not_seen,0,,,0,0,0,0,0,0,not_seen,0
setup/assistantProgressBar,setup,False,,,False,0,0,passed,codegen,not_seen,0,,,0,0,0,0,0,0,not_seen,0
setup/baseTable,setup,False,,,False,0,0,passed,codegen,not_seen,0,,,0,0,0,0,0,0,not_seen,0
setup/breadcrumbs,setup,False,,,False,0,0,passed,codegen,not_seen,0,,,0,0,0,0,0,0,not_seen,0
setup/dataTable,setup,False,,,False,0,0,passed,codegen,not_seen,0,,,0,0,0,0,0,0,not_seen,0
setup/listDataProvider,setup,False,,,False,0,0,passed,codegen,not_seen,0,,,0,0,0,0,0,0,not_seen,0
setup/listDecorator,setup,False,,,False,0,0,passed,codegen,not_seen,0,,,0,0,0,0,0,0,not_seen,0
setup/listPanel,setup,False,,,False,0,0,passed,codegen,not_seen,0,,,0,0,0,0,0,0,not_seen,0
setup/listPanelWrapper,setup,False,,,False,0,0,passed,codegen,not_seen,0,,,0,0,0,0,0,0,not_seen,0
setup/lwcSetupComponent,setup,False,,,False,0,0,passed,codegen,not_seen,0,,,0,0,0,0,0,0,not_seen,0
setup/lwcSetupHeader,setup,False,,,False,0,0,passed,codegen,not_seen,0,,,0,0,0,0,0,0,not_seen,0
setup/navTreeNode,setup,False,,,False,0,0,passed,codegen,not_seen,0,,,0,0,0,0,0,0,not_seen,0
setup/recordForm,setup,False,,,False,0,0,passed,codegen,not_seen,0,,,0,0,0,0,0,0,not_seen,0
setup/recordFormInternal,setup,False,,,False,0,0,passed,codegen,not_seen,0,,,0,0,0,0,0,0,not_seen,0
setup/sales/prmconfig/digitalExperienceModal,setup,False,,,False,0,0,passed,codegen,not_seen,0,,,0,0,0,0,0,0,not_seen,0
setup/setupAlohaPage,setup,True,True,,True,7,7,passed,codegen,not_seen,0,,,0,0,0,0,0,0,not_seen,0
setup/setupAlohaPageItemRow,setup,False,,,False,0,0,passed,codegen,not_seen,0,,,0,0,0,0,0,0,not_seen,0
setup/setupComponent,setup,True,True,,True,4,0,passed,codegen,not_seen,0,,,0,0,0,0,0,0,not_seen,0
setup/setupHeader,setup,False,,,False,0,0,passed,codegen,not_seen,0,,,0,0,0,0,0,0,not_seen,0
setup/setupNavTree,setup,True,True,,True,3,3,passed,codegen,passed,2,"cdp,webdriver",setup,4,0,0,2,0,0,not_seen,0
setup/smeWorkItemsRenderer,setup,False,,,False,0,0,passed,codegen,not_seen,0,,,0,0,0,0,0,0,not_seen,0
setup/tabLists,setup,False,,,False,0,0,passed,codegen,not_seen,0,,,0,0,0,0,0,0,not_seen,0
setup/tableBaseButton,setup,False,,,False,0,0,passed,codegen,not_seen,0,,,0,0,0,0,0,0,not_seen,0
setup/tableDataProvider,setup,False,,,False,0,0,passed,codegen,not_seen,0,,,0,0,0,0,0,0,not_seen,0
setup/tableToggleSwitch,setup,False,,,False,0,0,passed,codegen,not_seen,0,,,0,0,0,0,0,0,not_seen,0
setup_einstein_coach/scenarioListViewHeader,setup_einstein_coach,False,,,False,0,0,passed,codegen,not_seen,0,,,0,0,0,0,0,0,not_seen,0
setup_einstein_coach/scenarioListViewTable,setup_einstein_coach,False,,,False,0,0,passed,codegen,not_seen,0,,,0,0,0,0,0,0,not_seen,0
setup_platform_notifications/collapsibleSection,setup_platform_notifications,False,,,False,0,0,passed,codegen,not_seen,0,,,0,0,0,0,0,0,not_seen,0
setup_platform_notifications/customNotificationTypes,setup_platform_notifications,True,True,,True,3,0,passed,codegen,not_seen,0,,,0,0,0,0,0,0,not_seen,0
setup_platform_notifications/notificationBuilder,setup_platform_notifications,False,,,False,0,0,passed,codegen,not_seen,0,,,0,0,0,0,0,0,not_seen,0
setup_platform_notifications/notificationDetailsForm,setup_platform_notifications,False,,,False,0,0,passed,codegen,not_seen,0,,,0,0,0,0,0,0,not_seen,0
setup_platform_notifications/notificationTypesManager,setup_platform_notifications,True,True,,True,1,1,passed,codegen,not_seen,0,,,0,0,0,0,0,0,not_seen,0
setup_platform_notifications/notificationWizard,setup_platform_notifications,False,,,False,0,0,passed,codegen,not_seen,0,,,0,0,0,0,0,0,not_seen,0
setup_platform_notifications/objectLookupInput,setup_platform_notifications,False,,,False,0,0,passed,codegen,not_seen,0,,,0,0,0,0,0,0,not_seen,0
setup_platform_notifications/payloadEditor,setup_platform_notifications,False,,,False,0,0,passed,codegen,not_seen,0,,,0,0,0,0,0,0,not_seen,0
setup_platform_notifications/slackAppSelection,setup_platform_notifications,False,,,False,0,0,passed,codegen,not_seen,0,,,0,0,0,0,0,0,not_seen,0
setup_platform_notifications/typeSelectionVisualPicker,setup_platform_notifications,False,,,False,0,0,passed,codegen,not_seen,0,,,0,0,0,0,0,0,not_seen,0
sfa/choosePricebook,sfa,False,,,False,0,0,passed,codegen,not_seen,0,,,0,0,0,0,0,0,not_seen,0
sfa/createPartnerContainer,sfa,False,,,False,0,0,passed,codegen,not_seen,0,,,0,0,0,0,0,0,not_seen,0
sfa/inputStageName,sfa,False,,,False,0,0,passed,codegen,not_seen,0,,,0,0,0,0,0,0,not_seen,0
sfa/opportunityTeamMemberCard,sfa,False,,,False,0,0,passed,codegen,not_seen,0,,,0,0,0,0,0,0,not_seen,0
sfa/outputStageName,sfa,False,,,False,0,0,passed,codegen,not_seen,0,,,0,0,0,0,0,0,not_seen,0
sfa/productScheduleEstablish,sfa,False,,,False,0,0,passed,codegen,not_seen,0,,,0,0,0,0,0,0,not_seen,0
sfa/taskList,sfa,True,True,,True,0,0,passed,codegen,not_seen,0,,,0,0,0,0,0,0,not_seen,0
sfsmobileapp/actionBar/actionTray,sfsmobileapp,True,True,,True,4,0,passed,codegen,not_seen,0,,,0,0,0,0,0,0,not_seen,0
sfsmobileapp/actionBar/actionTrayAndroid,sfsmobileapp,True,True,,True,4,0,passed,codegen,not_seen,0,,,0,0,0,0,0,0,not_seen,0
sfsmobileapp/actionBar/actionTrayRecords,sfsmobileapp,True,True,,True,2,1,passed,codegen,not_seen,0,,,0,0,0,0,0,0,not_seen,0
sfsmobileapp/actionBar/actionTrayRecordsAndroid,sfsmobileapp,True,True,,True,2,1,passed,codegen,not_seen,0,,,0,0,0,0,0,0,not_seen,0
sfsmobileapp/actionBar/actionTrayRecordsiOS,sfsmobileapp,True,True,,True,2,1,passed,codegen,not_seen,0,,,0,0,0,0,0,0,not_seen,0
sfsmobileapp/actionBar/actionTrayiOS,sfsmobileapp,True,True,,True,4,0,passed,codegen,not_seen,0,,,0,0,0,0,0,0,not_seen,0
sfsmobileapp/app/fieldServiceApp,sfsmobileapp,True,True,,True,4,0,passed,codegen,not_seen,0,,,0,0,0,0,0,0,not_seen,0
sfsmobileapp/app/fieldServiceAppAndroid,sfsmobileapp,True,True,,True,4,0,passed,codegen,not_seen,0,,,0,0,0,0,0,0,not_seen,0
sfsmobileapp/app/fieldServiceAppiOS,sfsmobileapp,True,True,,True,4,0,passed,codegen,not_seen,0,,,0,0,0,0,0,0,not_seen,0
sfsmobileapp/authentication/ChooseConnAndroid,sfsmobileapp,True,True,,True,2,1,passed,codegen,not_seen,0,,,0,0,0,0,0,0,not_seen,0
sfsmobileapp/authentication/addConn,sfsmobileapp,True,True,,True,1,1,passed,codegen,not_seen,0,,,0,0,0,0,0,0,not_seen,0
sfsmobileapp/authentication/addConnAndroid,sfsmobileapp,True,True,,True,1,1,passed,codegen,not_seen,0,,,0,0,0,0,0,0,not_seen,0
sfsmobileapp/authentication/addConniOS,sfsmobileapp,True,True,,True,1,1,passed,codegen,not_seen,0,,,0,0,0,0,0,0,not_seen,0
sfsmobileapp/authentication/chooseConn,sfsmobileapp,True,True,,True,2,1,passed,codegen,not_seen,0,,,0,0,0,0,0,0,not_seen,0
sfsmobileapp/authentication/chooseConniOS,sfsmobileapp,True,True,,True,2,1,passed,codegen,not_seen,0,,,0,0,0,0,0,0,not_seen,0
sfsmobileapp/authentication/getStarted,sfsmobileapp,True,True,,True,2,0,passed,codegen,not_seen,0,,,0,0,0,0,0,0,not_seen,0
sfsmobileapp/authentication/getStartediOS,sfsmobileapp,True,True,,True,2,0,passed,codegen,not_seen,0,,,0,0,0,0,0,0,not_seen,0
sfsmobileapp/authentication/loginButtonScreen,sfsmobileapp,True,True,,True,2,0,passed,codegen,not_seen,0,,,0,0,0,0,0,0,not_seen,0
sfsmobileapp/authentication/loginButtonScreeniOS,sfsmobileapp,True,True,,True,2,0,passed,codegen,not_seen,0,,,0,0,0,0,0,0,not_seen,0
sfsmobileapp/authentication/loginNavBar,sfsmobileapp,True,True,,True,1,0,passed,codegen,not_seen,0,,,0,0,0,0,0,0,not_seen,0
sfsmobileapp/authentication/loginNavBarAndroid,sfsmobileapp,True,True,,True,1,0,passed,codegen,not_seen,0,,,0,0,0,0,0,0,not_seen,0
sfsmobileapp/authentication/loginNavBarOptions,sfsmobileapp,True,True,,True,3,0,passed,codegen,not_seen,0,,,0,0,0,0,0,0,not_seen,0
sfsmobileapp/authentication/loginNavBarOptionsAndroid,sfsmobileapp,True,True,,True,3,0,passed,codegen,not_seen,0,,,0,0,0,0,0,0,not_seen,0
sfsmobileapp/authentication/loginNavBariOS,sfsmobileapp,True,True,,True,1,0,passed,codegen,not_seen,0,,,0,0,0,0,0,0,not_seen,0
sfsmobileapp/authentication/loginOauth,sfsmobileapp,True,True,,True,2,0,passed,codegen,not_seen,0,,,0,0,0,0,0,0,not_seen,0
sfsmobileapp/authentication/loginSlides,sfsmobileapp,True,True,,True,2,0,passed,codegen,not_seen,0,,,0,0,0,0,0,0,not_seen,0
sfsmobileapp/authentication/loginSlidesiOS,sfsmobileapp,True,True,,True,2,0,passed,codegen,not_seen,0,,,0,0,0,0,0,0,not_seen,0
sfsmobileapp/authentication/sfsEula,sfsmobileapp,True,True,,True,2,0,passed,codegen,not_seen,0,,,0,0,0,0,0,0,not_seen,0
sfsmobileapp/authentication/sfsEulaAndroid,sfsmobileapp,True,True,,True,2,0,passed,codegen,not_seen,0,,,0,0,0,0,0,0,not_seen,0
sfsmobileapp/authentication/sfsEulaiOS,sfsmobileapp,True,True,,True,2,0,passed,codegen,not_seen,0,,,0,0,0,0,0,0,not_seen,0
sfsmobileapp/authentication/sfsLogin,sfsmobileapp,True,True,,True,1,1,passed,codegen,not_seen,0,,,0,0,0,0,0,0,not_seen,0
sfsmobileapp/authentication/sfsLoginOauth,sfsmobileapp,True,True,,True,2,0,passed,codegen,not_seen,0,,,0,0,0,0,0,0,not_seen,0
sfsmobileapp/authentication/sfsLoginOauthiOS,sfsmobileapp,True,True,,True,2,0,passed,codegen,not_seen,0,,,0,0,0,0,0,0,not_seen,0
sfsmobileapp/authentication/sfsLoginiOS,sfsmobileapp,True,True,,True,1,1,passed,codegen,not_seen,0,,,0,0,0,0,0,0,not_seen,0
sfsmobileapp/copilot/copilotLauncher,sfsmobileapp,True,True,,True,3,0,passed,codegen,not_seen,0,,,0,0,0,0,0,0,not_seen,0
sfsmobileapp/copilot/copilotLauncherAndroid,sfsmobileapp,True,True,,True,3,0,passed,codegen,not_seen,0,,,0,0,0,0,0,0,not_seen,0
sfsmobileapp/copilot/copilotLauncheriOS,sfsmobileapp,True,True,,True,3,0,passed,codegen,not_seen,0,,,0,0,0,0,0,0,not_seen,0
sfsmobileapp/copilot/copilotPanelHeader,sfsmobileapp,True,True,,True,2,0,passed,codegen,not_seen,0,,,0,0,0,0,0,0,not_seen,0
sfsmobileapp/copilot/copilotPanelHeaderAndroid,sfsmobileapp,True,True,,True,2,0,passed,codegen,not_seen,0,,,0,0,0,0,0,0,not_seen,0
sfsmobileapp/copilot/copilotPanelHeaderiOS,sfsmobileapp,True,True,,True,2,0,passed,codegen,not_seen,0,,,0,0,0,0,0,0,not_seen,0
sfsmobileapp/deviceAlerts/deviceAlert,sfsmobileapp,True,True,,True,4,0,passed,codegen,not_seen,0,,,0,0,0,0,0,0,not_seen,0
sfsmobileapp/deviceAlerts/deviceAlertAndroid,sfsmobileapp,True,True,,True,4,0,passed,codegen,not_seen,0,,,0,0,0,0,0,0,not_seen,0
sfsmobileapp/deviceAlerts/deviceAlertiOS,sfsmobileapp,True,True,,True,4,0,passed,codegen,not_seen,0,,,0,0,0,0,0,0,not_seen,0
sfsmobileapp/deviceAlerts/deviceLocationAlert,sfsmobileapp,True,True,,True,2,0,passed,codegen,not_seen,0,,,0,0,0,0,0,0,not_seen,0
sfsmobileapp/deviceAlerts/deviceLocationAlertAndroid,sfsmobileapp,True,True,,True,2,0,passed,codegen,not_seen,0,,,0,0,0,0,0,0,not_seen,0
sfsmobileapp/deviceAlerts/deviceLocationAlertiOS,sfsmobileapp,True,True,,True,2,0,passed,codegen,not_seen,0,,,0,0,0,0,0,0,not_seen,0
sfsmobileapp/lwc/lwcMobileContainer,sfsmobileapp,True,True,,True,0,0,passed,codegen,not_seen,0,,,0,0,0,0,0,0,not_seen,0
sfsmobileapp/permissions/cameraAccess,sfsmobileapp,True,True,,True,2,0,passed,codegen,not_seen,0,,,0,0,0,0,0,0,not_seen,0
sfsmobileapp/permissions/cameraAccessiOS,sfsmobileapp,True,True,,True,2,0,passed,codegen,not_seen,0,,,0,0,0,0,0,0,not_seen,0
sfsmobileapp/permissions/notifications,sfsmobileapp,True,True,,True,2,0,passed,codegen,not_seen,0,,,0,0,0,0,0,0,not_seen,0
sfsmobileapp/permissions/notificationsiOS,sfsmobileapp,True,True,,True,2,0,passed,codegen,not_seen,0,,,0,0,0,0,0,0,not_seen,0
sfsmobileapp/permissions/shareLocation,sfsmobileapp,True,True,,True,2,0,passed,codegen,not_seen,0,,,0,0,0,0,0,0,not_seen,0
sfsmobileapp/permissions/shareLocationAndroid,sfsmobileapp,True,True,,True,2,0,passed,codegen,not_seen,0,,,0,0,0,0,0,0,not_seen,0
sfsmobileapp/permissions/shareLocationiOS,sfsmobileapp,True,True,,True,2,0,passed,codegen,not_seen,0,,,0,0,0,0,0,0,not_seen,0
sfsmobileapp/record/assetServiceHistoryObject,sfsmobileapp,True,True,,True,1,1,passed,codegen,not_seen,0,,,0,0,0,0,0,0,not_seen,0
sfsmobileapp/record/assetServiceHistoryObjectAndroid,sfsmobileapp,True,True,,True,1,1,passed,codegen,not_seen,0,,,0,0,0,0,0,0,not_seen,0
sfsmobileapp/record/assetServiceHistoryObjectiOS,sfsmobileapp,True,True,,True,1,1,passed,codegen,not_seen,0,,,0,0,0,0,0,0,not_seen,0
sfsmobileapp/record/serviceAppointmentObject,sfsmobileapp,True,True,,True,7,1,passed,codegen,not_seen,0,,,0,0,0,0,0,0,not_seen,0
sfsmobileapp/record/serviceAppointmentObjectAndroid,sfsmobileapp,True,True,,True,7,1,passed,codegen,not_seen,0,,,0,0,0,0,0,0,not_seen,0
sfsmobileapp/record/serviceAppointmentObjectiOS,sfsmobileapp,True,True,,True,7,1,passed,codegen,not_seen,0,,,0,0,0,0,0,0,not_seen,0
sfsmobileapp/record/workOrderObject,sfsmobileapp,True,True,,True,7,2,passed,codegen,not_seen,0,,,0,0,0,0,0,0,not_seen,0
sfsmobileapp/record/workOrderObjectAndroid,sfsmobileapp,True,True,,True,7,2,passed,codegen,not_seen,0,,,0,0,0,0,0,0,not_seen,0
sfsmobileapp/record/workOrderObjectOverview,sfsmobileapp,True,True,,True,2,0,passed,codegen,not_seen,0,,,0,0,0,0,0,0,not_seen,0
sfsmobileapp/record/workOrderObjectOverviewAndroid,sfsmobileapp,True,True,,True,2,0,passed,codegen,not_seen,0,,,0,0,0,0,0,0,not_seen,0
sfsmobileapp/record/workOrderObjectOverviewiOS,sfsmobileapp,True,True,,True,2,0,passed,codegen,not_seen,0,,,0,0,0,0,0,0,not_seen,0
sfsmobileapp/record/workOrderObjectiOS,sfsmobileapp,True,True,,True,7,2,passed,codegen,not_seen,0,,,0,0,0,0,0,0,not_seen,0
sfsmobileapp/sections/serviceReportSection,sfsmobileapp,False,,,False,0,0,passed,codegen,not_seen,0,,,0,0,0,0,0,0,not_seen,0
sfsmobileapp/sections/serviceReportSectionAndroid,sfsmobileapp,False,,,False,0,0,passed,codegen,not_seen,0,,,0,0,0,0,0,0,not_seen,0
sfsmobileapp/sections/serviceReportSectioniOS,sfsmobileapp,False,,,False,0,0,passed,codegen,not_seen,0,,,0,0,0,0,0,0,not_seen,0
sfsmobileapp/webElements/divTag,sfsmobileapp,False,,,False,0,0,passed,codegen,not_seen,0,,,0,0,0,0,0,0,not_seen,0
support/broadcastEmailModal,support,True,True,,True,8,2,passed,codegen,not_seen,0,,,0,0,0,0,0,0,not_seen,0
support/emailModal,support,True,True,,True,8,2,passed,codegen,not_seen,0,,,0,0,0,0,0,0,not_seen,0
support/incidentHome,support,True,True,,True,14,4,passed,codegen,not_seen,0,,,0,0,0,0,0,0,not_seen,0
support/lwcRelatedRecord,support,False,,,False,0,0,passed,codegen,not_seen,0,,,0,0,0,0,0,0,not_seen,0
tua/licenseCountDetails,tua,False,,,False,0,0,passed,codegen,not_seen,0,,,0,0,0,0,0,0,not_seen,0
ui/chatbots/components/addNewItem,ui,True,True,,False,0,0,passed,codegen,not_seen,0,,,0,0,0,0,0,0,not_seen,0
ui/chatbots/components/agentPlatformToggle,ui,True,True,,False,0,0,passed,codegen,not_seen,0,,,0,0,0,0,0,0,not_seen,0
ui/chatbots/components/appToolbar,ui,False,,,False,0,0,passed,codegen,not_seen,0,,,0,0,0,0,0,0,not_seen,0
ui/chatbots/components/baseFormModal,ui,False,,,False,0,0,passed,codegen,not_seen,0,,,0,0,0,0,0,0,not_seen,0
ui/chatbots/components/baseInputFilter,ui,False,,,False,0,0,passed,codegen,not_seen,0,,,0,0,0,0,0,0,not_seen,0
ui/chatbots/components/baseListStatus,ui,False,,,False,0,0,passed,codegen,not_seen,0,,,0,0,0,0,0,0,not_seen,0
ui/chatbots/components/baseViewDrillin,ui,False,,,False,0,0,passed,codegen,not_seen,0,,,0,0,0,0,0,0,not_seen,0
ui/chatbots/components/copilotDetailsRecordForm,ui,False,,,False,0,0,passed,codegen,not_seen,0,,,0,0,0,0,0,0,not_seen,0
ui/chatbots/components/copilotHomeEdit,ui,True,True,,False,0,0,passed,codegen,not_seen,0,,,0,0,0,0,0,0,not_seen,0
ui/chatbots/components/copilotHomeEditHeader,ui,False,,,False,0,0,passed,codegen,not_seen,0,,,0,0,0,0,0,0,not_seen,0
ui/chatbots/components/copilotLanguageParameters,ui,True,True,,False,0,0,passed,codegen,not_seen,0,,,0,0,0,0,0,0,not_seen,0
ui/chatbots/components/copilotRecordTabs,ui,False,,,False,0,0,passed,codegen,not_seen,0,,,0,0,0,0,0,0,not_seen,0
ui/chatbots/components/copilotSetupContainer,ui,True,True,,False,0,0,passed,codegen,not_seen,0,,,0,0,0,0,0,0,not_seen,0
ui/chatbots/components/copilotSetupItem,ui,True,True,,False,0,0,passed,codegen,not_seen,0,,,0,0,0,0,0,0,not_seen,0
ui/chatbots/components/copilotStudioContainer,ui,True,True,,False,0,0,passed,codegen,not_seen,0,,,0,0,0,0,0,0,not_seen,0
ui/chatbots/components/copilotSystemMessages,ui,True,True,,False,0,0,passed,codegen,not_seen,0,,,0,0,0,0,0,0,not_seen,0
ui/chatbots/components/copilotVersionListContainer,ui,True,True,,False,0,0,passed,codegen,not_seen,0,,,0,0,0,0,0,0,not_seen,0
ui/chatbots/components/extendedDatatable,ui,False,,,False,0,0,passed,codegen,not_seen,0,,,0,0,0,0,0,0,not_seen,0
ui/chatbots/components/leftRail,ui,False,,,False,0,0,passed,codegen,not_seen,0,,,0,0,0,0,0,0,not_seen,0
ui/chatbots/components/leftRailItem,ui,False,,,False,0,0,passed,codegen,not_seen,0,,,0,0,0,0,0,0,not_seen,0
ui/chatbots/components/leftRailTabItemButton,ui,False,,,False,0,0,passed,codegen,not_seen,0,,,0,0,0,0,0,0,not_seen,0
ui/chatbots/components/leftRailViewComponent,ui,False,,,False,0,0,passed,codegen,not_seen,0,,,0,0,0,0,0,0,not_seen,0
ui/chatbots/components/listCopilotTopics,ui,False,,,False,0,0,passed,codegen,not_seen,0,,,0,0,0,0,0,0,not_seen,0
ui/chatbots/components/modalDeleteCopilot,ui,True,True,,False,0,0,passed,codegen,not_seen,0,,,0,0,0,0,0,0,not_seen,0
ui/chatbots/components/panelHeader,ui,False,,,False,0,0,passed,codegen,not_seen,0,,,0,0,0,0,0,0,not_seen,0
ui/chatbots/components/primitiveFieldInput,ui,False,,,False,0,0,passed,codegen,not_seen,0,,,0,0,0,0,0,0,not_seen,0
ui/chatbots/components/railPanelTopics,ui,False,,,False,0,0,passed,codegen,not_seen,0,,,0,0,0,0,0,0,not_seen,0
ui/chatbots/components/railPanelTopicsSuite,ui,False,,,False,0,0,passed,codegen,not_seen,0,,,0,0,0,0,0,0,not_seen,0
ui/chatbots/components/recordFormAgentDetail,ui,True,True,,False,0,0,passed,codegen,not_seen,0,,,0,0,0,0,0,0,not_seen,0
ui/chatbots/components/router,ui,False,,,False,0,0,passed,codegen,not_seen,0,,,0,0,0,0,0,0,not_seen,0
ui/chatbots/components/tooltip,ui,False,,,False,0,0,passed,codegen,not_seen,0,,,0,0,0,0,0,0,not_seen,0
ui/chatbots/components/welcomeCopilot,ui,True,True,,False,0,0,passed,codegen,not_seen,0,,,0,0,0,0,0,0,not_seen,0
visualeditor/componentPropertiesEditor,visualeditor,False,,,False,0,0,passed,codegen,not_seen,0,,,0,0,0,0,0,0,not_seen,0
visualeditor/itemListRow,visualeditor,False,,,False,0,0,passed,codegen,not_seen,0,,,0,0,0,0,0,0,not_seen,0
visualeditor/propertyEditorItem,visualeditor,False,,,False,0,0,passed,codegen,not_seen,0,,,0,0,0,0,0,0,not_seen,0
visualeditor/ruleList,visualeditor,False,,,False,0,0,passed,codegen,not_seen,0,,,0,0,0,0,0,0,not_seen,0
visualeditor/sortableList,visualeditor,False,,,False,0,0,passed,codegen,not_seen,0,,,0,0,0,0,0,0,not_seen,0
visualeditor/sortableListItem,visualeditor,False,,,False,0,0,passed,codegen,not_seen,0,,,0,0,0,0,0,0,not_seen,0
webruntimedesign/paletteItem,webruntimedesign,False,,,False,0,0,passed,codegen,not_seen,0,,,0,0,0,0,0,0,not_seen,0
webruntimedesign/palettePopover,webruntimedesign,False,,,False,0,0,passed,codegen,not_seen,0,,,0,0,0,0,0,0,not_seen,0
webruntimedesign/palettePopoverTrigger,webruntimedesign,False,,,False,0,0,passed,codegen,not_seen,0,,,0,0,0,0,0,0,not_seen,0
webruntimedesign/popoverCloseButton,webruntimedesign,False,,,False,0,0,passed,codegen,not_seen,0,,,0,0,0,0,0,0,not_seen,0
webruntimedesign/popoverOpenButton,webruntimedesign,False,,,False,0,0,passed,codegen,not_seen,0,,,0,0,0,0,0,0,not_seen,0
webruntimedesign/searchInput,webruntimedesign,False,,,False,0,0,passed,codegen,not_seen,0,,,0,0,0,0,0,0,not_seen,0
